PLAYER_NAME,GAME_DATE,MATCHUP,PTS,REB,AST
Jalen Brunson,"Apr 10, 2026",NYK vs. TOR,29,3,2
Jalen Brunson,"Apr 09, 2026",NYK vs. BOS,25,1,10
Jalen Brunson,"Apr 06, 2026",NYK @ ATL,30,3,13
Jalen Brunson,"Apr 03, 2026",NYK vs. CHI,17,1,10
Jalen Brunson,"Mar 31, 2026",NYK @ HOU,12,6,8
Jalen Brunson,"Mar 29, 2026",NYK @ OKC,32,5,5
Jalen Brunson,"Mar 26, 2026",NYK @ CHA,26,2,13
Jalen Brunson,"Mar 24, 2026",NYK vs. NOP,32,1,7
Jalen Brunson,"Mar 22, 2026",NYK vs. WAS,23,0,4
Jalen Brunson,"Mar 20, 2026",NYK @ BKN,17,5,8
Jalen Brunson,"Mar 15, 2026",NYK vs. GSW,30,1,9
Jalen Brunson,"Mar 13, 2026",NYK @ IND,29,5,9
Jalen Brunson,"Mar 11, 2026",NYK @ UTA,28,4,8
Jalen Brunson,"Mar 09, 2026",NYK @ LAC,28,4,8
Jalen Brunson,"Mar 08, 2026",NYK @ LAL,24,6,7
Jalen Brunson,"Mar 06, 2026",NYK @ DEN,9,3,15
Jalen Brunson,"Mar 04, 2026",NYK vs. OKC,16,3,15
Jalen Brunson,"Mar 03, 2026",NYK @ TOR,26,2,10
Jalen Brunson,"Mar 01, 2026",NYK vs. SAS,24,4,7
Jalen Brunson,"Feb 27, 2026",NYK @ MIL,27,7,3
Jalen Brunson,"Feb 24, 2026",NYK @ CLE,20,1,4
Jalen Brunson,"Feb 22, 2026",NYK @ CHI,19,5,9
Jalen Brunson,"Feb 21, 2026",NYK vs. HOU,20,3,6
Jalen Brunson,"Feb 19, 2026",NYK vs. DET,33,6,8
Jalen Brunson,"Feb 11, 2026",NYK @ PHI,8,4,4
Jalen Brunson,"Feb 10, 2026",NYK vs. IND,40,5,8
Jalen Brunson,"Feb 08, 2026",NYK @ BOS,31,3,8
Jalen Brunson,"Feb 06, 2026",NYK @ DET,12,4,4
Jalen Brunson,"Feb 04, 2026",NYK vs. DEN,42,8,9
Jalen Brunson,"Feb 03, 2026",NYK @ WAS,21,1,4
Jalen Brunson,"Feb 01, 2026",NYK vs. LAL,12,7,13
Jalen Brunson,"Jan 30, 2026",NYK vs. POR,26,1,3
Jalen Brunson,"Jan 28, 2026",NYK @ TOR,13,1,4
Jalen Brunson,"Jan 27, 2026",NYK vs. SAC,28,3,4
Jalen Brunson,"Jan 24, 2026",NYK @ PHI,31,5,6
Jalen Brunson,"Jan 21, 2026",NYK vs. BKN,20,4,5
Jalen Brunson,"Jan 19, 2026",NYK vs. DAL,22,0,6
Jalen Brunson,"Jan 14, 2026",NYK @ SAC,4,0,0
Jalen Brunson,"Jan 11, 2026",NYK @ POR,26,6,8
Jalen Brunson,"Jan 09, 2026",NYK @ PHX,27,3,5
Jalen Brunson,"Jan 07, 2026",NYK vs. LAC,26,3,7
Jalen Brunson,"Jan 05, 2026",NYK @ DET,25,3,0
Jalen Brunson,"Jan 03, 2026",NYK vs. PHI,31,4,4
Jalen Brunson,"Jan 02, 2026",NYK vs. ATL,24,2,5
Jalen Brunson,"Dec 31, 2025",NYK @ SAS,29,4,8
Jalen Brunson,"Dec 29, 2025",NYK @ NOP,28,3,10
Jalen Brunson,"Dec 27, 2025",NYK @ ATL,34,3,5
Jalen Brunson,"Dec 25, 2025",NYK vs. CLE,34,1,4
Jalen Brunson,"Dec 21, 2025",NYK vs. MIA,47,3,8
Jalen Brunson,"Dec 19, 2025",NYK vs. PHI,22,6,9
Jalen Brunson,"Dec 18, 2025",NYK @ IND,25,7,7
Jalen Brunson,"Dec 13, 2025",NYK @ ORL,40,4,8
Jalen Brunson,"Dec 09, 2025",NYK @ TOR,35,3,4
Jalen Brunson,"Dec 07, 2025",NYK vs. ORL,30,2,9
Jalen Brunson,"Dec 05, 2025",NYK vs. UTA,33,2,4
Jalen Brunson,"Dec 03, 2025",NYK vs. CHA,26,2,5
Jalen Brunson,"Dec 02, 2025",NYK @ BOS,15,2,11
Jalen Brunson,"Nov 30, 2025",NYK vs. TOR,18,6,7
Jalen Brunson,"Nov 28, 2025",NYK vs. MIL,37,1,5
Jalen Brunson,"Nov 26, 2025",NYK @ CHA,33,2,3
Jalen Brunson,"Nov 24, 2025",NYK @ BKN,27,3,3
Jalen Brunson,"Nov 22, 2025",NYK @ ORL,33,3,11
Jalen Brunson,"Nov 19, 2025",NYK @ DAL,28,3,5
Jalen Brunson,"Nov 12, 2025",NYK vs. ORL,31,3,6
Jalen Brunson,"Nov 11, 2025",NYK vs. MEM,32,5,10
Jalen Brunson,"Nov 09, 2025",NYK vs. BKN,19,0,7
Jalen Brunson,"Nov 05, 2025",NYK vs. MIN,23,7,10
Jalen Brunson,"Nov 03, 2025",NYK vs. WAS,16,1,9
Jalen Brunson,"Nov 02, 2025",NYK vs. CHI,31,5,3
Jalen Brunson,"Oct 31, 2025",NYK @ CHI,29,2,7
Jalen Brunson,"Oct 28, 2025",NYK @ MIL,36,4,3
Jalen Brunson,"Oct 26, 2025",NYK @ MIA,37,5,7
Jalen Brunson,"Oct 24, 2025",NYK vs. BOS,31,3,5
Jalen Brunson,"Oct 22, 2025",NYK vs. CLE,23,4,5
Karl-Anthony Towns,"Apr 10, 2026",NYK vs. TOR,22,10,5
Karl-Anthony Towns,"Apr 09, 2026",NYK vs. BOS,16,12,4
Karl-Anthony Towns,"Apr 06, 2026",NYK @ ATL,21,12,6
Karl-Anthony Towns,"Apr 01, 2026",NYK @ MEM,20,11,11
Karl-Anthony Towns,"Mar 31, 2026",NYK @ HOU,22,8,3
Karl-Anthony Towns,"Mar 29, 2026",NYK @ OKC,15,18,2
Karl-Anthony Towns,"Mar 26, 2026",NYK @ CHA,13,3,2
Karl-Anthony Towns,"Mar 24, 2026",NYK vs. NOP,21,14,1
Karl-Anthony Towns,"Mar 22, 2026",NYK vs. WAS,26,16,3
Karl-Anthony Towns,"Mar 20, 2026",NYK @ BKN,26,15,1
Karl-Anthony Towns,"Mar 17, 2026",NYK vs. IND,22,11,2
Karl-Anthony Towns,"Mar 15, 2026",NYK vs. GSW,17,12,2
Karl-Anthony Towns,"Mar 11, 2026",NYK @ UTA,21,7,7
Karl-Anthony Towns,"Mar 09, 2026",NYK @ LAC,35,12,7
Karl-Anthony Towns,"Mar 08, 2026",NYK @ LAL,25,16,2
Karl-Anthony Towns,"Mar 06, 2026",NYK @ DEN,17,13,2
Karl-Anthony Towns,"Mar 04, 2026",NYK vs. OKC,17,17,1
Karl-Anthony Towns,"Mar 03, 2026",NYK @ TOR,21,12,6
Karl-Anthony Towns,"Mar 01, 2026",NYK vs. SAS,12,14,1
Karl-Anthony Towns,"Feb 27, 2026",NYK @ MIL,17,13,1
Karl-Anthony Towns,"Feb 24, 2026",NYK @ CLE,14,7,2
Karl-Anthony Towns,"Feb 22, 2026",NYK @ CHI,28,11,2
Karl-Anthony Towns,"Feb 21, 2026",NYK vs. HOU,25,7,1
Karl-Anthony Towns,"Feb 19, 2026",NYK vs. DET,21,11,4
Karl-Anthony Towns,"Feb 11, 2026",NYK @ PHI,21,11,5
Karl-Anthony Towns,"Feb 10, 2026",NYK vs. IND,22,14,3
Karl-Anthony Towns,"Feb 08, 2026",NYK @ BOS,11,10,1
Karl-Anthony Towns,"Feb 04, 2026",NYK vs. DEN,24,12,1
Karl-Anthony Towns,"Feb 03, 2026",NYK @ WAS,19,15,3
Karl-Anthony Towns,"Feb 01, 2026",NYK vs. LAL,11,13,4
Karl-Anthony Towns,"Jan 30, 2026",NYK vs. POR,14,20,3
Karl-Anthony Towns,"Jan 28, 2026",NYK @ TOR,8,22,2
Karl-Anthony Towns,"Jan 27, 2026",NYK vs. SAC,17,11,4
Karl-Anthony Towns,"Jan 24, 2026",NYK @ PHI,10,6,1
Karl-Anthony Towns,"Jan 21, 2026",NYK vs. BKN,14,8,3
Karl-Anthony Towns,"Jan 19, 2026",NYK vs. DAL,22,18,4
Karl-Anthony Towns,"Jan 17, 2026",NYK vs. PHX,23,11,2
Karl-Anthony Towns,"Jan 15, 2026",NYK @ GSW,17,20,2
Karl-Anthony Towns,"Jan 14, 2026",NYK @ SAC,13,4,1
Karl-Anthony Towns,"Jan 11, 2026",NYK @ POR,20,11,3
Karl-Anthony Towns,"Jan 09, 2026",NYK @ PHX,15,12,5
Karl-Anthony Towns,"Jan 07, 2026",NYK vs. LAC,20,11,7
Karl-Anthony Towns,"Jan 05, 2026",NYK @ DET,6,1,1
Karl-Anthony Towns,"Jan 03, 2026",NYK vs. PHI,23,14,2
Karl-Anthony Towns,"Dec 31, 2025",NYK @ SAS,20,7,4
Karl-Anthony Towns,"Dec 29, 2025",NYK @ NOP,12,12,4
Karl-Anthony Towns,"Dec 27, 2025",NYK @ ATL,36,15,1
Karl-Anthony Towns,"Dec 25, 2025",NYK vs. CLE,11,14,1
Karl-Anthony Towns,"Dec 23, 2025",NYK @ MIN,40,13,1
Karl-Anthony Towns,"Dec 21, 2025",NYK vs. MIA,2,6,2
Karl-Anthony Towns,"Dec 19, 2025",NYK vs. PHI,22,11,1
Karl-Anthony Towns,"Dec 13, 2025",NYK @ ORL,29,8,2
Karl-Anthony Towns,"Dec 09, 2025",NYK @ TOR,14,16,1
Karl-Anthony Towns,"Dec 05, 2025",NYK vs. UTA,18,9,4
Karl-Anthony Towns,"Dec 03, 2025",NYK vs. CHA,35,18,5
Karl-Anthony Towns,"Dec 02, 2025",NYK @ BOS,29,7,2
Karl-Anthony Towns,"Nov 30, 2025",NYK vs. TOR,22,8,2
Karl-Anthony Towns,"Nov 28, 2025",NYK vs. MIL,9,10,4
Karl-Anthony Towns,"Nov 26, 2025",NYK @ CHA,19,10,3
Karl-Anthony Towns,"Nov 24, 2025",NYK @ BKN,37,12,3
Karl-Anthony Towns,"Nov 22, 2025",NYK @ ORL,24,8,3
Karl-Anthony Towns,"Nov 19, 2025",NYK @ DAL,18,14,6
Karl-Anthony Towns,"Nov 17, 2025",NYK @ MIA,22,15,2
Karl-Anthony Towns,"Nov 14, 2025",NYK vs. MIA,39,11,4
Karl-Anthony Towns,"Nov 12, 2025",NYK vs. ORL,15,12,4
Karl-Anthony Towns,"Nov 11, 2025",NYK vs. MEM,21,13,4
Karl-Anthony Towns,"Nov 09, 2025",NYK vs. BKN,28,12,2
Karl-Anthony Towns,"Nov 05, 2025",NYK vs. MIN,15,10,4
Karl-Anthony Towns,"Nov 03, 2025",NYK vs. WAS,33,13,5
Karl-Anthony Towns,"Nov 02, 2025",NYK vs. CHI,20,15,5
Karl-Anthony Towns,"Oct 31, 2025",NYK @ CHI,22,10,4
Karl-Anthony Towns,"Oct 28, 2025",NYK @ MIL,8,12,1
Karl-Anthony Towns,"Oct 26, 2025",NYK @ MIA,15,18,2
Karl-Anthony Towns,"Oct 24, 2025",NYK vs. BOS,26,13,3
Karl-Anthony Towns,"Oct 22, 2025",NYK vs. CLE,19,11,2
Mikal Bridges,"Apr 12, 2026",NYK vs. CHA,0,0,0
Mikal Bridges,"Apr 10, 2026",NYK vs. TOR,13,1,3
Mikal Bridges,"Apr 09, 2026",NYK vs. BOS,10,2,6
Mikal Bridges,"Apr 06, 2026",NYK @ ATL,15,5,2
Mikal Bridges,"Apr 03, 2026",NYK vs. CHI,12,2,0
Mikal Bridges,"Apr 01, 2026",NYK @ MEM,24,2,1
Mikal Bridges,"Mar 31, 2026",NYK @ HOU,7,3,4
Mikal Bridges,"Mar 29, 2026",NYK @ OKC,15,1,1
Mikal Bridges,"Mar 26, 2026",NYK @ CHA,14,0,2
Mikal Bridges,"Mar 24, 2026",NYK vs. NOP,14,2,7
Mikal Bridges,"Mar 22, 2026",NYK vs. WAS,14,0,6
Mikal Bridges,"Mar 20, 2026",NYK @ BKN,9,7,2
Mikal Bridges,"Mar 17, 2026",NYK vs. IND,10,4,5
Mikal Bridges,"Mar 15, 2026",NYK vs. GSW,7,3,2
Mikal Bridges,"Mar 13, 2026",NYK @ IND,11,4,0
Mikal Bridges,"Mar 11, 2026",NYK @ UTA,5,5,2
Mikal Bridges,"Mar 09, 2026",NYK @ LAC,7,7,4
Mikal Bridges,"Mar 08, 2026",NYK @ LAL,0,6,5
Mikal Bridges,"Mar 06, 2026",NYK @ DEN,9,2,4
Mikal Bridges,"Mar 04, 2026",NYK vs. OKC,15,4,0
Mikal Bridges,"Mar 03, 2026",NYK @ TOR,11,2,4
Mikal Bridges,"Mar 01, 2026",NYK vs. SAS,25,5,2
Mikal Bridges,"Feb 27, 2026",NYK @ MIL,10,0,6
Mikal Bridges,"Feb 24, 2026",NYK @ CLE,18,4,2
Mikal Bridges,"Feb 22, 2026",NYK @ CHI,11,2,5
Mikal Bridges,"Feb 21, 2026",NYK vs. HOU,11,6,5
Mikal Bridges,"Feb 19, 2026",NYK vs. DET,8,3,0
Mikal Bridges,"Feb 11, 2026",NYK @ PHI,22,5,6
Mikal Bridges,"Feb 10, 2026",NYK vs. IND,22,6,3
Mikal Bridges,"Feb 08, 2026",NYK @ BOS,14,4,1
Mikal Bridges,"Feb 06, 2026",NYK @ DET,19,1,2
Mikal Bridges,"Feb 04, 2026",NYK vs. DEN,5,4,4
Mikal Bridges,"Feb 03, 2026",NYK @ WAS,23,4,5
Mikal Bridges,"Feb 01, 2026",NYK vs. LAL,10,0,2
Mikal Bridges,"Jan 30, 2026",NYK vs. POR,10,2,5
Mikal Bridges,"Jan 28, 2026",NYK @ TOR,30,1,4
Mikal Bridges,"Jan 27, 2026",NYK vs. SAC,18,3,5
Mikal Bridges,"Jan 24, 2026",NYK @ PHI,9,3,4
Mikal Bridges,"Jan 21, 2026",NYK vs. BKN,11,4,4
Mikal Bridges,"Jan 19, 2026",NYK vs. DAL,7,3,3
Mikal Bridges,"Jan 17, 2026",NYK vs. PHX,15,3,1
Mikal Bridges,"Jan 15, 2026",NYK @ GSW,21,1,3
Mikal Bridges,"Jan 14, 2026",NYK @ SAC,19,3,1
Mikal Bridges,"Jan 11, 2026",NYK @ POR,18,6,6
Mikal Bridges,"Jan 09, 2026",NYK @ PHX,11,8,4
Mikal Bridges,"Jan 07, 2026",NYK vs. LAC,15,9,5
Mikal Bridges,"Jan 05, 2026",NYK @ DET,10,0,1
Mikal Bridges,"Jan 03, 2026",NYK vs. PHI,12,5,6
Mikal Bridges,"Jan 02, 2026",NYK vs. ATL,18,5,5
Mikal Bridges,"Dec 31, 2025",NYK @ SAS,13,5,3
Mikal Bridges,"Dec 29, 2025",NYK @ NOP,6,5,10
Mikal Bridges,"Dec 27, 2025",NYK @ ATL,14,3,8
Mikal Bridges,"Dec 25, 2025",NYK vs. CLE,12,3,4
Mikal Bridges,"Dec 23, 2025",NYK @ MIN,15,3,0
Mikal Bridges,"Dec 21, 2025",NYK vs. MIA,24,2,4
Mikal Bridges,"Dec 19, 2025",NYK vs. PHI,21,7,5
Mikal Bridges,"Dec 18, 2025",NYK @ IND,22,8,5
Mikal Bridges,"Dec 13, 2025",NYK @ ORL,16,3,3
Mikal Bridges,"Dec 09, 2025",NYK @ TOR,15,5,4
Mikal Bridges,"Dec 07, 2025",NYK vs. ORL,12,6,7
Mikal Bridges,"Dec 05, 2025",NYK vs. UTA,10,5,3
Mikal Bridges,"Dec 03, 2025",NYK vs. CHA,16,4,2
Mikal Bridges,"Dec 02, 2025",NYK @ BOS,35,6,3
Mikal Bridges,"Nov 30, 2025",NYK vs. TOR,14,3,3
Mikal Bridges,"Nov 28, 2025",NYK vs. MIL,14,4,2
Mikal Bridges,"Nov 26, 2025",NYK @ CHA,18,5,3
Mikal Bridges,"Nov 24, 2025",NYK @ BKN,16,4,4
Mikal Bridges,"Nov 22, 2025",NYK @ ORL,18,7,2
Mikal Bridges,"Nov 19, 2025",NYK @ DAL,16,5,6
Mikal Bridges,"Nov 17, 2025",NYK @ MIA,23,3,4
Mikal Bridges,"Nov 14, 2025",NYK vs. MIA,15,5,5
Mikal Bridges,"Nov 12, 2025",NYK vs. ORL,6,2,2
Mikal Bridges,"Nov 11, 2025",NYK vs. MEM,22,7,5
Mikal Bridges,"Nov 09, 2025",NYK vs. BKN,16,1,5
Mikal Bridges,"Nov 05, 2025",NYK vs. MIN,13,1,5
Mikal Bridges,"Nov 03, 2025",NYK vs. WAS,10,2,4
Mikal Bridges,"Nov 02, 2025",NYK vs. CHI,10,5,9
Mikal Bridges,"Oct 31, 2025",NYK @ CHI,23,4,6
Mikal Bridges,"Oct 28, 2025",NYK @ MIL,24,11,6
Mikal Bridges,"Oct 26, 2025",NYK @ MIA,20,5,4
Mikal Bridges,"Oct 24, 2025",NYK vs. BOS,12,6,2
Mikal Bridges,"Oct 22, 2025",NYK vs. CLE,16,5,6
OG Anunoby,"Apr 10, 2026",NYK vs. TOR,2,5,3
OG Anunoby,"Apr 09, 2026",NYK vs. BOS,13,4,1
OG Anunoby,"Apr 06, 2026",NYK @ ATL,22,5,1
OG Anunoby,"Apr 03, 2026",NYK vs. CHI,31,8,2
OG Anunoby,"Apr 01, 2026",NYK @ MEM,25,13,3
OG Anunoby,"Mar 31, 2026",NYK @ HOU,8,6,0
OG Anunoby,"Mar 29, 2026",NYK @ OKC,10,0,3
OG Anunoby,"Mar 26, 2026",NYK @ CHA,17,3,2
OG Anunoby,"Mar 24, 2026",NYK vs. NOP,21,4,4
OG Anunoby,"Mar 22, 2026",NYK vs. WAS,9,2,0
OG Anunoby,"Mar 20, 2026",NYK @ BKN,16,3,1
OG Anunoby,"Mar 17, 2026",NYK vs. IND,26,8,4
OG Anunoby,"Mar 15, 2026",NYK vs. GSW,14,4,1
OG Anunoby,"Mar 13, 2026",NYK @ IND,25,8,5
OG Anunoby,"Mar 11, 2026",NYK @ UTA,22,2,1
OG Anunoby,"Mar 09, 2026",NYK @ LAC,22,6,2
OG Anunoby,"Mar 08, 2026",NYK @ LAL,13,8,1
OG Anunoby,"Mar 06, 2026",NYK @ DEN,34,7,5
OG Anunoby,"Mar 04, 2026",NYK vs. OKC,16,3,0
OG Anunoby,"Mar 03, 2026",NYK @ TOR,15,5,0
OG Anunoby,"Mar 01, 2026",NYK vs. SAS,12,5,1
OG Anunoby,"Feb 27, 2026",NYK @ MIL,24,3,3
OG Anunoby,"Feb 24, 2026",NYK @ CLE,5,3,2
OG Anunoby,"Feb 22, 2026",NYK @ CHI,9,9,2
OG Anunoby,"Feb 21, 2026",NYK vs. HOU,20,2,1
OG Anunoby,"Feb 19, 2026",NYK vs. DET,8,0,0
OG Anunoby,"Feb 04, 2026",NYK vs. DEN,20,8,4
OG Anunoby,"Feb 03, 2026",NYK @ WAS,19,4,2
OG Anunoby,"Feb 01, 2026",NYK vs. LAL,25,8,3
OG Anunoby,"Jan 30, 2026",NYK vs. POR,24,6,3
OG Anunoby,"Jan 28, 2026",NYK @ TOR,26,3,5
OG Anunoby,"Jan 27, 2026",NYK vs. SAC,15,2,0
OG Anunoby,"Jan 24, 2026",NYK @ PHI,23,7,4
OG Anunoby,"Jan 21, 2026",NYK vs. BKN,5,5,3
OG Anunoby,"Jan 19, 2026",NYK vs. DAL,9,6,2
OG Anunoby,"Jan 17, 2026",NYK vs. PHX,21,8,5
OG Anunoby,"Jan 15, 2026",NYK @ GSW,25,4,1
OG Anunoby,"Jan 14, 2026",NYK @ SAC,15,3,4
OG Anunoby,"Jan 11, 2026",NYK @ POR,24,7,3
OG Anunoby,"Jan 09, 2026",NYK @ PHX,15,8,3
OG Anunoby,"Jan 07, 2026",NYK vs. LAC,20,3,0
OG Anunoby,"Jan 05, 2026",NYK @ DET,5,2,1
OG Anunoby,"Jan 03, 2026",NYK vs. PHI,19,6,6
OG Anunoby,"Jan 02, 2026",NYK vs. ATL,19,10,1
OG Anunoby,"Dec 31, 2025",NYK @ SAS,9,5,2
OG Anunoby,"Dec 29, 2025",NYK @ NOP,23,11,1
OG Anunoby,"Dec 27, 2025",NYK @ ATL,15,10,5
OG Anunoby,"Dec 25, 2025",NYK vs. CLE,8,2,2
OG Anunoby,"Dec 21, 2025",NYK vs. MIA,18,2,3
OG Anunoby,"Dec 19, 2025",NYK vs. PHI,2,3,1
OG Anunoby,"Dec 18, 2025",NYK @ IND,16,6,1
OG Anunoby,"Dec 13, 2025",NYK @ ORL,24,6,4
OG Anunoby,"Dec 09, 2025",NYK @ TOR,13,6,1
OG Anunoby,"Dec 07, 2025",NYK vs. ORL,21,7,0
OG Anunoby,"Dec 05, 2025",NYK vs. UTA,11,0,1
OG Anunoby,"Nov 14, 2025",NYK vs. MIA,2,3,0
OG Anunoby,"Nov 12, 2025",NYK vs. ORL,8,4,1
OG Anunoby,"Nov 11, 2025",NYK vs. MEM,16,4,3
OG Anunoby,"Nov 09, 2025",NYK vs. BKN,19,8,3
OG Anunoby,"Nov 05, 2025",NYK vs. MIN,25,8,1
OG Anunoby,"Nov 03, 2025",NYK vs. WAS,16,6,2
OG Anunoby,"Nov 02, 2025",NYK vs. CHI,21,2,4
OG Anunoby,"Oct 31, 2025",NYK @ CHI,26,4,3
OG Anunoby,"Oct 28, 2025",NYK @ MIL,9,6,5
OG Anunoby,"Oct 26, 2025",NYK @ MIA,14,6,1
OG Anunoby,"Oct 24, 2025",NYK vs. BOS,10,2,1
OG Anunoby,"Oct 22, 2025",NYK vs. CLE,24,14,2
Josh Hart,"Apr 10, 2026",NYK vs. TOR,3,4,2
Josh Hart,"Apr 09, 2026",NYK vs. BOS,26,1,3
Josh Hart,"Apr 06, 2026",NYK @ ATL,2,5,3
Josh Hart,"Apr 03, 2026",NYK vs. CHI,7,11,4
Josh Hart,"Apr 01, 2026",NYK @ MEM,5,6,6
Josh Hart,"Mar 31, 2026",NYK @ HOU,13,5,2
Josh Hart,"Mar 29, 2026",NYK @ OKC,15,6,3
Josh Hart,"Mar 26, 2026",NYK @ CHA,16,7,4
Josh Hart,"Mar 24, 2026",NYK vs. NOP,10,8,3
Josh Hart,"Mar 22, 2026",NYK vs. WAS,16,6,4
Josh Hart,"Mar 17, 2026",NYK vs. IND,33,7,5
Josh Hart,"Mar 15, 2026",NYK vs. GSW,7,12,5
Josh Hart,"Mar 09, 2026",NYK @ LAC,12,13,3
Josh Hart,"Mar 08, 2026",NYK @ LAL,8,6,2
Josh Hart,"Mar 06, 2026",NYK @ DEN,18,5,2
Josh Hart,"Mar 04, 2026",NYK vs. OKC,10,12,3
Josh Hart,"Mar 03, 2026",NYK @ TOR,12,7,7
Josh Hart,"Mar 01, 2026",NYK vs. SAS,10,10,7
Josh Hart,"Feb 27, 2026",NYK @ MIL,12,5,5
Josh Hart,"Feb 24, 2026",NYK @ CLE,10,4,5
Josh Hart,"Feb 22, 2026",NYK @ CHI,11,9,5
Josh Hart,"Feb 21, 2026",NYK vs. HOU,2,6,6
Josh Hart,"Feb 19, 2026",NYK vs. DET,11,4,3
Josh Hart,"Feb 11, 2026",NYK @ PHI,6,7,9
Josh Hart,"Feb 10, 2026",NYK vs. IND,15,11,11
Josh Hart,"Feb 08, 2026",NYK @ BOS,19,6,3
Josh Hart,"Feb 06, 2026",NYK @ DET,5,6,2
Josh Hart,"Feb 03, 2026",NYK @ WAS,4,7,7
Josh Hart,"Feb 01, 2026",NYK vs. LAL,20,4,2
Josh Hart,"Jan 30, 2026",NYK vs. POR,20,6,5
Josh Hart,"Jan 28, 2026",NYK @ TOR,22,5,6
Josh Hart,"Jan 27, 2026",NYK vs. SAC,7,9,4
Josh Hart,"Jan 24, 2026",NYK @ PHI,10,13,7
Josh Hart,"Jan 21, 2026",NYK vs. BKN,11,9,3
Josh Hart,"Jan 19, 2026",NYK vs. DAL,8,6,3
Josh Hart,"Jan 15, 2026",NYK @ GSW,5,5,10
Josh Hart,"Jan 14, 2026",NYK @ SAC,10,5,5
Josh Hart,"Jan 11, 2026",NYK @ POR,18,3,6
Josh Hart,"Dec 25, 2025",NYK vs. CLE,15,5,3
Josh Hart,"Dec 23, 2025",NYK @ MIN,12,15,8
Josh Hart,"Dec 21, 2025",NYK vs. MIA,13,10,5
Josh Hart,"Dec 19, 2025",NYK vs. PHI,5,10,6
Josh Hart,"Dec 13, 2025",NYK @ ORL,12,6,6
Josh Hart,"Dec 09, 2025",NYK @ TOR,21,6,4
Josh Hart,"Dec 07, 2025",NYK vs. ORL,17,12,1
Josh Hart,"Dec 05, 2025",NYK vs. UTA,8,6,6
Josh Hart,"Dec 03, 2025",NYK vs. CHA,15,8,8
Josh Hart,"Dec 02, 2025",NYK @ BOS,19,7,4
Josh Hart,"Nov 30, 2025",NYK vs. TOR,20,12,7
Josh Hart,"Nov 28, 2025",NYK vs. MIL,19,15,7
Josh Hart,"Nov 26, 2025",NYK @ CHA,22,8,7
Josh Hart,"Nov 24, 2025",NYK @ BKN,7,12,7
Josh Hart,"Nov 22, 2025",NYK @ ORL,12,5,2
Josh Hart,"Nov 19, 2025",NYK @ DAL,16,10,5
Josh Hart,"Nov 17, 2025",NYK @ MIA,14,5,9
Josh Hart,"Nov 14, 2025",NYK vs. MIA,12,11,10
Josh Hart,"Nov 12, 2025",NYK vs. ORL,10,3,2
Josh Hart,"Nov 11, 2025",NYK vs. MEM,8,4,8
Josh Hart,"Nov 09, 2025",NYK vs. BKN,11,7,2
Josh Hart,"Nov 05, 2025",NYK vs. MIN,18,5,4
Josh Hart,"Nov 03, 2025",NYK vs. WAS,12,10,5
Josh Hart,"Nov 02, 2025",NYK vs. CHI,14,9,3
Josh Hart,"Oct 31, 2025",NYK @ CHI,0,1,1
Josh Hart,"Oct 28, 2025",NYK @ MIL,3,4,4
Josh Hart,"Oct 26, 2025",NYK @ MIA,6,5,5
Josh Hart,"Oct 24, 2025",NYK vs. BOS,2,14,3
Julius Randle,"Apr 07, 2026",MIN @ IND,19,2,4
Julius Randle,"Apr 05, 2026",MIN vs. CHA,26,8,4
Julius Randle,"Apr 03, 2026",MIN @ PHI,21,7,3
Julius Randle,"Apr 02, 2026",MIN @ DET,27,6,6
Julius Randle,"Mar 30, 2026",MIN @ DAL,24,3,4
Julius Randle,"Mar 28, 2026",MIN vs. DET,11,8,4
Julius Randle,"Mar 25, 2026",MIN vs. HOU,24,6,6
Julius Randle,"Mar 22, 2026",MIN @ BOS,9,9,4
Julius Randle,"Mar 20, 2026",MIN vs. POR,19,5,4
Julius Randle,"Mar 18, 2026",MIN vs. UTA,21,1,8
Julius Randle,"Mar 17, 2026",MIN vs. PHX,32,7,2
Julius Randle,"Mar 15, 2026",MIN @ OKC,32,7,6
Julius Randle,"Mar 13, 2026",MIN @ GSW,10,4,1
Julius Randle,"Mar 11, 2026",MIN @ LAC,11,6,4
Julius Randle,"Mar 10, 2026",MIN @ LAL,14,7,2
Julius Randle,"Mar 07, 2026",MIN vs. ORL,14,9,1
Julius Randle,"Mar 05, 2026",MIN vs. TOR,17,8,4
Julius Randle,"Mar 03, 2026",MIN vs. MEM,23,11,4
Julius Randle,"Mar 01, 2026",MIN @ DEN,14,9,7
Julius Randle,"Feb 26, 2026",MIN @ LAC,4,3,6
Julius Randle,"Feb 24, 2026",MIN @ POR,13,7,6
Julius Randle,"Feb 22, 2026",MIN vs. PHI,18,3,3
Julius Randle,"Feb 20, 2026",MIN vs. DAL,13,5,3
Julius Randle,"Feb 11, 2026",MIN vs. POR,41,7,2
Julius Randle,"Feb 09, 2026",MIN vs. ATL,18,12,10
Julius Randle,"Feb 08, 2026",MIN vs. LAC,17,8,2
Julius Randle,"Feb 06, 2026",MIN vs. NOP,24,8,7
Julius Randle,"Feb 04, 2026",MIN @ TOR,17,4,4
Julius Randle,"Feb 02, 2026",MIN @ MEM,19,8,8
Julius Randle,"Jan 31, 2026",MIN @ MEM,27,7,7
Julius Randle,"Jan 29, 2026",MIN vs. OKC,13,5,5
Julius Randle,"Jan 28, 2026",MIN @ DAL,31,5,4
Julius Randle,"Jan 26, 2026",MIN vs. GSW,18,7,2
Julius Randle,"Jan 25, 2026",MIN vs. GSW,11,5,6
Julius Randle,"Jan 22, 2026",MIN vs. CHI,30,7,6
Julius Randle,"Jan 20, 2026",MIN @ UTA,19,2,3
Julius Randle,"Jan 17, 2026",MIN @ SAS,17,10,1
Julius Randle,"Jan 16, 2026",MIN @ HOU,39,4,2
Julius Randle,"Jan 13, 2026",MIN @ MIL,29,8,6
Julius Randle,"Jan 11, 2026",MIN vs. SAS,15,8,4
Julius Randle,"Jan 10, 2026",MIN @ CLE,20,4,4
Julius Randle,"Jan 08, 2026",MIN vs. CLE,28,11,8
Julius Randle,"Jan 06, 2026",MIN vs. MIA,15,11,5
Julius Randle,"Jan 04, 2026",MIN @ WAS,22,3,4
Julius Randle,"Jan 03, 2026",MIN @ MIA,23,10,4
Julius Randle,"Dec 31, 2025",MIN @ ATL,19,7,2
Julius Randle,"Dec 29, 2025",MIN @ CHI,17,5,14
Julius Randle,"Dec 27, 2025",MIN vs. BKN,13,3,11
Julius Randle,"Dec 25, 2025",MIN @ DEN,32,7,6
Julius Randle,"Dec 23, 2025",MIN vs. NYK,25,6,3
Julius Randle,"Dec 21, 2025",MIN vs. MIL,12,7,2
Julius Randle,"Dec 19, 2025",MIN vs. OKC,19,8,5
Julius Randle,"Dec 17, 2025",MIN vs. MEM,21,5,3
Julius Randle,"Dec 14, 2025",MIN vs. SAC,24,10,3
Julius Randle,"Dec 12, 2025",MIN @ GSW,27,9,6
Julius Randle,"Dec 08, 2025",MIN vs. PHX,21,3,8
Julius Randle,"Dec 06, 2025",MIN vs. LAC,24,3,6
Julius Randle,"Dec 04, 2025",MIN @ NOP,28,9,3
Julius Randle,"Dec 02, 2025",MIN @ NOP,16,5,6
Julius Randle,"Nov 30, 2025",MIN vs. SAS,22,6,12
Julius Randle,"Nov 29, 2025",MIN vs. BOS,16,9,6
Julius Randle,"Nov 26, 2025",MIN @ OKC,10,8,4
Julius Randle,"Nov 24, 2025",MIN @ SAC,17,10,5
Julius Randle,"Nov 21, 2025",MIN @ PHX,20,5,2
Julius Randle,"Nov 19, 2025",MIN vs. WAS,32,10,6
Julius Randle,"Nov 17, 2025",MIN vs. DAL,12,6,4
Julius Randle,"Nov 15, 2025",MIN vs. DEN,26,6,8
Julius Randle,"Nov 14, 2025",MIN vs. SAC,26,11,5
Julius Randle,"Nov 10, 2025",MIN @ UTA,27,8,7
Julius Randle,"Nov 09, 2025",MIN @ SAC,19,6,4
Julius Randle,"Nov 07, 2025",MIN vs. UTA,19,10,12
Julius Randle,"Nov 05, 2025",MIN @ NYK,32,5,4
Julius Randle,"Nov 03, 2025",MIN @ BKN,19,11,10
Julius Randle,"Nov 01, 2025",MIN @ CHA,30,7,4
Julius Randle,"Oct 29, 2025",MIN vs. LAL,33,5,6
Julius Randle,"Oct 27, 2025",MIN vs. DEN,24,7,3
Julius Randle,"Oct 26, 2025",MIN vs. IND,31,4,6
Julius Randle,"Oct 24, 2025",MIN @ LAL,26,9,6
Julius Randle,"Oct 22, 2025",MIN @ POR,19,7,6
Donte DiVincenzo,"Apr 12, 2026",MIN vs. NOP,3,1,3
Donte DiVincenzo,"Apr 10, 2026",MIN @ HOU,18,4,2
Donte DiVincenzo,"Apr 08, 2026",MIN @ ORL,12,0,2
Donte DiVincenzo,"Apr 07, 2026",MIN @ IND,11,6,4
Donte DiVincenzo,"Apr 05, 2026",MIN vs. CHA,6,1,3
Donte DiVincenzo,"Apr 03, 2026",MIN @ PHI,11,0,1
Donte DiVincenzo,"Apr 02, 2026",MIN @ DET,5,1,1
Donte DiVincenzo,"Mar 30, 2026",MIN @ DAL,15,3,2
Donte DiVincenzo,"Mar 28, 2026",MIN vs. DET,22,3,2
Donte DiVincenzo,"Mar 25, 2026",MIN vs. HOU,17,3,2
Donte DiVincenzo,"Mar 22, 2026",MIN @ BOS,8,2,2
Donte DiVincenzo,"Mar 20, 2026",MIN vs. POR,13,4,2
Donte DiVincenzo,"Mar 18, 2026",MIN vs. UTA,9,3,7
Donte DiVincenzo,"Mar 17, 2026",MIN vs. PHX,0,1,3
Donte DiVincenzo,"Mar 15, 2026",MIN @ OKC,16,9,1
Donte DiVincenzo,"Mar 13, 2026",MIN @ GSW,7,6,1
Donte DiVincenzo,"Mar 11, 2026",MIN @ LAC,6,4,2
Donte DiVincenzo,"Mar 10, 2026",MIN @ LAL,8,5,2
Donte DiVincenzo,"Mar 07, 2026",MIN vs. ORL,0,2,4
Donte DiVincenzo,"Mar 05, 2026",MIN vs. TOR,16,5,2
Donte DiVincenzo,"Mar 03, 2026",MIN vs. MEM,7,4,6
Donte DiVincenzo,"Mar 01, 2026",MIN @ DEN,17,3,5
Donte DiVincenzo,"Feb 26, 2026",MIN @ LAC,18,3,4
Donte DiVincenzo,"Feb 24, 2026",MIN @ POR,19,1,4
Donte DiVincenzo,"Feb 22, 2026",MIN vs. PHI,11,6,3
Donte DiVincenzo,"Feb 20, 2026",MIN vs. DAL,9,5,9
Donte DiVincenzo,"Feb 11, 2026",MIN vs. POR,3,4,5
Donte DiVincenzo,"Feb 09, 2026",MIN vs. ATL,10,4,6
Donte DiVincenzo,"Feb 08, 2026",MIN vs. LAC,1,4,2
Donte DiVincenzo,"Feb 06, 2026",MIN vs. NOP,6,3,2
Donte DiVincenzo,"Feb 04, 2026",MIN @ TOR,15,6,5
Donte DiVincenzo,"Feb 02, 2026",MIN @ MEM,21,3,4
Donte DiVincenzo,"Jan 31, 2026",MIN @ MEM,11,1,5
Donte DiVincenzo,"Jan 29, 2026",MIN vs. OKC,11,5,5
Donte DiVincenzo,"Jan 28, 2026",MIN @ DAL,8,5,1
Donte DiVincenzo,"Jan 26, 2026",MIN vs. GSW,15,4,8
Donte DiVincenzo,"Jan 25, 2026",MIN vs. GSW,22,7,0
Donte DiVincenzo,"Jan 22, 2026",MIN vs. CHI,11,3,4
Donte DiVincenzo,"Jan 20, 2026",MIN @ UTA,15,5,8
Donte DiVincenzo,"Jan 17, 2026",MIN @ SAS,11,5,3
Donte DiVincenzo,"Jan 16, 2026",MIN @ HOU,8,8,4
Donte DiVincenzo,"Jan 13, 2026",MIN @ MIL,11,4,7
Donte DiVincenzo,"Jan 11, 2026",MIN vs. SAS,19,9,7
Donte DiVincenzo,"Jan 10, 2026",MIN @ CLE,15,3,6
Donte DiVincenzo,"Jan 08, 2026",MIN vs. CLE,22,1,4
Donte DiVincenzo,"Jan 06, 2026",MIN vs. MIA,12,5,2
Donte DiVincenzo,"Jan 04, 2026",MIN @ WAS,5,4,3
Donte DiVincenzo,"Jan 03, 2026",MIN @ MIA,11,8,4
Donte DiVincenzo,"Dec 31, 2025",MIN @ ATL,6,2,7
Donte DiVincenzo,"Dec 29, 2025",MIN @ CHI,12,6,3
Donte DiVincenzo,"Dec 27, 2025",MIN vs. BKN,11,5,6
Donte DiVincenzo,"Dec 25, 2025",MIN @ DEN,6,8,8
Donte DiVincenzo,"Dec 23, 2025",MIN vs. NYK,11,2,8
Donte DiVincenzo,"Dec 21, 2025",MIN vs. MIL,18,5,4
Donte DiVincenzo,"Dec 19, 2025",MIN vs. OKC,15,4,1
Donte DiVincenzo,"Dec 17, 2025",MIN vs. MEM,19,11,4
Donte DiVincenzo,"Dec 14, 2025",MIN vs. SAC,18,6,6
Donte DiVincenzo,"Dec 12, 2025",MIN @ GSW,21,6,4
Donte DiVincenzo,"Dec 08, 2025",MIN vs. PHX,2,4,4
Donte DiVincenzo,"Dec 06, 2025",MIN vs. LAC,5,4,4
Donte DiVincenzo,"Dec 04, 2025",MIN @ NOP,15,4,3
Donte DiVincenzo,"Dec 02, 2025",MIN @ NOP,15,4,5
Donte DiVincenzo,"Nov 30, 2025",MIN vs. SAS,18,5,4
Donte DiVincenzo,"Nov 29, 2025",MIN vs. BOS,15,3,8
Donte DiVincenzo,"Nov 26, 2025",MIN @ OKC,11,5,2
Donte DiVincenzo,"Nov 24, 2025",MIN @ SAC,17,4,1
Donte DiVincenzo,"Nov 21, 2025",MIN @ PHX,9,2,3
Donte DiVincenzo,"Nov 19, 2025",MIN vs. WAS,12,5,6
Donte DiVincenzo,"Nov 17, 2025",MIN vs. DAL,14,5,2
Donte DiVincenzo,"Nov 15, 2025",MIN vs. DEN,11,5,1
Donte DiVincenzo,"Nov 14, 2025",MIN vs. SAC,20,6,5
Donte DiVincenzo,"Nov 10, 2025",MIN @ UTA,14,1,2
Donte DiVincenzo,"Nov 09, 2025",MIN @ SAC,8,4,4
Donte DiVincenzo,"Nov 07, 2025",MIN vs. UTA,3,6,2
Donte DiVincenzo,"Nov 05, 2025",MIN @ NYK,21,3,4
Donte DiVincenzo,"Nov 03, 2025",MIN @ BKN,25,9,5
Donte DiVincenzo,"Nov 01, 2025",MIN @ CHA,18,3,4
Donte DiVincenzo,"Oct 29, 2025",MIN vs. LAL,14,4,6
Donte DiVincenzo,"Oct 27, 2025",MIN vs. DEN,12,3,4
Donte DiVincenzo,"Oct 26, 2025",MIN vs. IND,17,2,3
Donte DiVincenzo,"Oct 24, 2025",MIN @ LAL,13,0,4
Donte DiVincenzo,"Oct 22, 2025",MIN @ POR,7,4,2
Mitchell Robinson,"Apr 09, 2026",NYK vs. BOS,7,7,0
Mitchell Robinson,"Apr 06, 2026",NYK @ ATL,8,12,1
Mitchell Robinson,"Apr 03, 2026",NYK vs. CHI,17,11,0
Mitchell Robinson,"Mar 31, 2026",NYK @ HOU,5,5,0
Mitchell Robinson,"Mar 29, 2026",NYK @ OKC,3,4,0
Mitchell Robinson,"Mar 26, 2026",NYK @ CHA,4,6,1
Mitchell Robinson,"Mar 24, 2026",NYK vs. NOP,11,8,0
Mitchell Robinson,"Mar 22, 2026",NYK vs. WAS,10,10,1
Mitchell Robinson,"Mar 20, 2026",NYK @ BKN,3,10,0
Mitchell Robinson,"Mar 17, 2026",NYK vs. IND,8,8,3
Mitchell Robinson,"Mar 15, 2026",NYK vs. GSW,4,10,0
Mitchell Robinson,"Mar 13, 2026",NYK @ IND,12,22,0
Mitchell Robinson,"Mar 11, 2026",NYK @ UTA,6,13,3
Mitchell Robinson,"Mar 08, 2026",NYK @ LAL,4,4,0
Mitchell Robinson,"Mar 06, 2026",NYK @ DEN,13,5,1
Mitchell Robinson,"Mar 03, 2026",NYK @ TOR,2,10,0
Mitchell Robinson,"Mar 01, 2026",NYK vs. SAS,4,5,0
Mitchell Robinson,"Feb 27, 2026",NYK @ MIL,0,3,3
Mitchell Robinson,"Feb 24, 2026",NYK @ CLE,11,16,1
Mitchell Robinson,"Feb 21, 2026",NYK vs. HOU,6,4,0
Mitchell Robinson,"Feb 19, 2026",NYK vs. DET,7,6,0
Mitchell Robinson,"Feb 11, 2026",NYK @ PHI,11,6,0
Mitchell Robinson,"Feb 08, 2026",NYK @ BOS,5,9,2
Mitchell Robinson,"Feb 06, 2026",NYK @ DET,4,3,0
Mitchell Robinson,"Feb 04, 2026",NYK vs. DEN,10,8,0
Mitchell Robinson,"Feb 01, 2026",NYK vs. LAL,0,7,1
Mitchell Robinson,"Jan 30, 2026",NYK vs. POR,2,7,2
Mitchell Robinson,"Jan 27, 2026",NYK vs. SAC,7,13,0
Mitchell Robinson,"Jan 24, 2026",NYK @ PHI,6,10,0
Mitchell Robinson,"Jan 21, 2026",NYK vs. BKN,7,7,0
Mitchell Robinson,"Jan 19, 2026",NYK vs. DAL,12,14,0
Mitchell Robinson,"Jan 17, 2026",NYK vs. PHX,1,10,2
Mitchell Robinson,"Jan 14, 2026",NYK @ SAC,8,11,0
Mitchell Robinson,"Jan 11, 2026",NYK @ POR,6,11,2
Mitchell Robinson,"Jan 09, 2026",NYK @ PHX,8,14,1
Mitchell Robinson,"Jan 07, 2026",NYK vs. LAC,4,9,1
Mitchell Robinson,"Jan 05, 2026",NYK @ DET,2,10,1
Mitchell Robinson,"Jan 03, 2026",NYK vs. PHI,2,5,2
Mitchell Robinson,"Dec 27, 2025",NYK @ ATL,6,9,1
Mitchell Robinson,"Dec 25, 2025",NYK vs. CLE,0,13,2
Mitchell Robinson,"Dec 23, 2025",NYK @ MIN,2,7,1
Mitchell Robinson,"Dec 21, 2025",NYK vs. MIA,9,7,2
Mitchell Robinson,"Dec 19, 2025",NYK vs. PHI,21,16,1
Mitchell Robinson,"Dec 13, 2025",NYK @ ORL,5,9,0
Mitchell Robinson,"Dec 09, 2025",NYK @ TOR,2,5,4
Mitchell Robinson,"Dec 07, 2025",NYK vs. ORL,6,13,2
Mitchell Robinson,"Dec 05, 2025",NYK vs. UTA,4,7,1
Mitchell Robinson,"Dec 02, 2025",NYK @ BOS,1,5,0
Mitchell Robinson,"Nov 30, 2025",NYK vs. TOR,2,15,0
Mitchell Robinson,"Nov 28, 2025",NYK vs. MIL,6,7,1
Mitchell Robinson,"Nov 26, 2025",NYK @ CHA,0,5,1
Mitchell Robinson,"Nov 22, 2025",NYK @ ORL,6,3,0
Mitchell Robinson,"Nov 19, 2025",NYK @ DAL,3,8,1
Mitchell Robinson,"Nov 17, 2025",NYK @ MIA,5,11,1
Mitchell Robinson,"Nov 14, 2025",NYK vs. MIA,0,10,2
Mitchell Robinson,"Nov 12, 2025",NYK vs. ORL,2,8,0
Mitchell Robinson,"Nov 09, 2025",NYK vs. BKN,8,8,0
Mitchell Robinson,"Nov 05, 2025",NYK vs. MIN,8,10,1
Mitchell Robinson,"Nov 02, 2025",NYK vs. CHI,0,5,1
Mitchell Robinson,"Oct 31, 2025",NYK @ CHI,4,11,2
Victor Wembanyama,"Apr 10, 2026",SAS vs. DAL,40,13,5
Victor Wembanyama,"Apr 06, 2026",SAS vs. PHI,17,5,1
Victor Wembanyama,"Apr 04, 2026",SAS @ DEN,34,18,7
Victor Wembanyama,"Apr 01, 2026",SAS @ GSW,41,18,3
Victor Wembanyama,"Mar 30, 2026",SAS vs. CHI,41,16,4
Victor Wembanyama,"Mar 28, 2026",SAS @ MIL,23,15,6
Victor Wembanyama,"Mar 25, 2026",SAS @ MEM,19,15,3
Victor Wembanyama,"Mar 23, 2026",SAS @ MIA,26,15,4
Victor Wembanyama,"Mar 21, 2026",SAS vs. IND,20,8,6
Victor Wembanyama,"Mar 19, 2026",SAS vs. PHX,34,12,1
Victor Wembanyama,"Mar 17, 2026",SAS @ SAC,18,8,3
Victor Wembanyama,"Mar 16, 2026",SAS @ LAC,21,13,2
Victor Wembanyama,"Mar 14, 2026",SAS vs. CHA,32,12,8
Victor Wembanyama,"Mar 10, 2026",SAS vs. BOS,39,11,3
Victor Wembanyama,"Mar 08, 2026",SAS vs. HOU,29,8,1
Victor Wembanyama,"Mar 06, 2026",SAS vs. LAC,27,10,1
Victor Wembanyama,"Mar 05, 2026",SAS vs. DET,38,16,3
Victor Wembanyama,"Mar 03, 2026",SAS @ PHI,10,8,4
Victor Wembanyama,"Mar 01, 2026",SAS @ NYK,25,13,2
Victor Wembanyama,"Feb 26, 2026",SAS @ BKN,12,8,5
Victor Wembanyama,"Feb 25, 2026",SAS @ TOR,12,8,3
Victor Wembanyama,"Feb 23, 2026",SAS @ DET,21,17,4
Victor Wembanyama,"Feb 21, 2026",SAS vs. SAC,28,15,6
Victor Wembanyama,"Feb 19, 2026",SAS vs. PHX,17,11,4
Victor Wembanyama,"Feb 11, 2026",SAS @ GSW,26,9,4
Victor Wembanyama,"Feb 10, 2026",SAS @ LAL,40,12,2
Victor Wembanyama,"Feb 07, 2026",SAS vs. DAL,16,11,1
Victor Wembanyama,"Feb 05, 2026",SAS @ DAL,29,11,6
Victor Wembanyama,"Feb 04, 2026",SAS vs. OKC,22,14,2
Victor Wembanyama,"Feb 01, 2026",SAS vs. ORL,25,8,2
Victor Wembanyama,"Jan 31, 2026",SAS @ CHA,16,8,1
Victor Wembanyama,"Jan 28, 2026",SAS @ HOU,28,16,3
Victor Wembanyama,"Jan 25, 2026",SAS vs. NOP,16,16,0
Victor Wembanyama,"Jan 22, 2026",SAS @ UTA,26,14,3
Victor Wembanyama,"Jan 20, 2026",SAS @ HOU,14,10,2
Victor Wembanyama,"Jan 19, 2026",SAS vs. UTA,33,10,1
Victor Wembanyama,"Jan 17, 2026",SAS vs. MIN,39,9,3
Victor Wembanyama,"Jan 15, 2026",SAS vs. MIL,22,10,1
Victor Wembanyama,"Jan 13, 2026",SAS @ OKC,17,7,1
Victor Wembanyama,"Jan 11, 2026",SAS @ MIN,29,7,1
Victor Wembanyama,"Jan 10, 2026",SAS @ BOS,21,6,1
Victor Wembanyama,"Jan 07, 2026",SAS vs. LAL,16,14,2
Victor Wembanyama,"Jan 06, 2026",SAS @ MEM,30,5,3
Victor Wembanyama,"Dec 31, 2025",SAS vs. NYK,31,13,1
Victor Wembanyama,"Dec 29, 2025",SAS vs. CLE,26,14,3
Victor Wembanyama,"Dec 27, 2025",SAS vs. UTA,32,7,3
Victor Wembanyama,"Dec 25, 2025",SAS @ OKC,19,11,2
Victor Wembanyama,"Dec 23, 2025",SAS vs. OKC,12,5,3
Victor Wembanyama,"Dec 21, 2025",SAS @ WAS,14,12,2
Victor Wembanyama,"Dec 19, 2025",SAS @ ATL,26,12,3
Victor Wembanyama,"Dec 18, 2025",SAS vs. WAS,15,8,4
Victor Wembanyama,"Dec 13, 2025",SAS @ OKC,22,9,2
Victor Wembanyama,"Nov 14, 2025",SAS vs. GSW,26,12,4
Victor Wembanyama,"Nov 12, 2025",SAS vs. GSW,31,15,10
Victor Wembanyama,"Nov 10, 2025",SAS @ CHI,38,12,5
Victor Wembanyama,"Nov 08, 2025",SAS vs. NOP,18,18,3
Victor Wembanyama,"Nov 07, 2025",SAS vs. HOU,22,8,4
Victor Wembanyama,"Nov 05, 2025",SAS @ LAL,19,8,3
Victor Wembanyama,"Nov 02, 2025",SAS @ PHX,9,9,2
Victor Wembanyama,"Oct 30, 2025",SAS vs. MIA,27,18,6
Victor Wembanyama,"Oct 27, 2025",SAS vs. TOR,24,15,4
Victor Wembanyama,"Oct 26, 2025",SAS vs. BKN,31,14,4
Victor Wembanyama,"Oct 24, 2025",SAS @ NOP,29,11,2
Victor Wembanyama,"Oct 22, 2025",SAS @ DAL,40,15,1
De'Aaron Fox,"Apr 12, 2026",SAS vs. DEN,24,6,5
De'Aaron Fox,"Apr 10, 2026",SAS vs. DAL,18,1,10
De'Aaron Fox,"Apr 08, 2026",SAS vs. POR,25,5,7
De'Aaron Fox,"Apr 06, 2026",SAS vs. PHI,13,0,4
De'Aaron Fox,"Apr 04, 2026",SAS @ DEN,14,4,4
De'Aaron Fox,"Apr 02, 2026",SAS @ LAC,22,8,5
De'Aaron Fox,"Apr 01, 2026",SAS @ GSW,11,4,4
De'Aaron Fox,"Mar 30, 2026",SAS vs. CHI,7,2,6
De'Aaron Fox,"Mar 28, 2026",SAS @ MIL,12,2,6
De'Aaron Fox,"Mar 23, 2026",SAS @ MIA,14,3,6
De'Aaron Fox,"Mar 21, 2026",SAS vs. IND,14,3,7
De'Aaron Fox,"Mar 19, 2026",SAS vs. PHX,23,7,3
De'Aaron Fox,"Mar 17, 2026",SAS @ SAC,15,5,6
De'Aaron Fox,"Mar 16, 2026",SAS @ LAC,18,3,6
De'Aaron Fox,"Mar 14, 2026",SAS vs. CHA,17,6,4
De'Aaron Fox,"Mar 12, 2026",SAS vs. DEN,27,3,9
De'Aaron Fox,"Mar 10, 2026",SAS vs. BOS,25,3,9
De'Aaron Fox,"Mar 08, 2026",SAS vs. HOU,20,2,10
De'Aaron Fox,"Mar 06, 2026",SAS vs. LAC,19,2,9
De'Aaron Fox,"Mar 05, 2026",SAS vs. DET,29,5,3
De'Aaron Fox,"Mar 03, 2026",SAS @ PHI,11,5,7
De'Aaron Fox,"Mar 01, 2026",SAS @ NYK,7,3,6
De'Aaron Fox,"Feb 26, 2026",SAS @ BKN,14,1,6
De'Aaron Fox,"Feb 25, 2026",SAS @ TOR,20,2,1
De'Aaron Fox,"Feb 23, 2026",SAS @ DET,10,7,7
De'Aaron Fox,"Feb 21, 2026",SAS vs. SAC,18,2,5
De'Aaron Fox,"Feb 19, 2026",SAS vs. PHX,15,3,8
De'Aaron Fox,"Feb 11, 2026",SAS @ GSW,27,0,8
De'Aaron Fox,"Feb 10, 2026",SAS @ LAL,8,2,6
De'Aaron Fox,"Feb 07, 2026",SAS vs. DAL,15,2,5
De'Aaron Fox,"Feb 05, 2026",SAS @ DAL,17,3,7
De'Aaron Fox,"Feb 04, 2026",SAS vs. OKC,15,4,10
De'Aaron Fox,"Feb 01, 2026",SAS vs. ORL,14,3,10
De'Aaron Fox,"Jan 31, 2026",SAS @ CHA,11,2,7
De'Aaron Fox,"Jan 28, 2026",SAS @ HOU,18,5,8
De'Aaron Fox,"Jan 25, 2026",SAS vs. NOP,12,2,7
De'Aaron Fox,"Jan 22, 2026",SAS @ UTA,31,5,5
De'Aaron Fox,"Jan 20, 2026",SAS @ HOU,14,3,5
De'Aaron Fox,"Jan 19, 2026",SAS vs. UTA,14,5,8
De'Aaron Fox,"Jan 17, 2026",SAS vs. MIN,25,3,12
De'Aaron Fox,"Jan 15, 2026",SAS vs. MIL,18,4,4
De'Aaron Fox,"Jan 13, 2026",SAS @ OKC,14,5,5
De'Aaron Fox,"Jan 11, 2026",SAS @ MIN,12,8,4
De'Aaron Fox,"Jan 10, 2026",SAS @ BOS,21,9,6
De'Aaron Fox,"Jan 07, 2026",SAS vs. LAL,14,3,5
De'Aaron Fox,"Jan 06, 2026",SAS @ MEM,9,5,8
De'Aaron Fox,"Jan 03, 2026",SAS vs. POR,19,6,4
De'Aaron Fox,"Jan 02, 2026",SAS @ IND,24,7,4
De'Aaron Fox,"Dec 31, 2025",SAS vs. NYK,26,1,7
De'Aaron Fox,"Dec 29, 2025",SAS vs. CLE,14,2,3
De'Aaron Fox,"Dec 25, 2025",SAS @ OKC,29,4,3
De'Aaron Fox,"Dec 23, 2025",SAS vs. OKC,6,3,9
De'Aaron Fox,"Dec 21, 2025",SAS @ WAS,27,7,6
De'Aaron Fox,"Dec 19, 2025",SAS @ ATL,8,5,8
De'Aaron Fox,"Dec 18, 2025",SAS vs. WAS,6,3,3
De'Aaron Fox,"Dec 13, 2025",SAS @ OKC,22,2,4
De'Aaron Fox,"Dec 10, 2025",SAS @ LAL,20,4,3
De'Aaron Fox,"Dec 08, 2025",SAS @ NOP,14,4,7
De'Aaron Fox,"Dec 05, 2025",SAS @ CLE,25,5,9
De'Aaron Fox,"Dec 03, 2025",SAS @ ORL,31,5,5
De'Aaron Fox,"Dec 02, 2025",SAS vs. MEM,29,4,4
De'Aaron Fox,"Nov 30, 2025",SAS @ MIN,25,2,4
De'Aaron Fox,"Nov 28, 2025",SAS @ DEN,15,1,12
De'Aaron Fox,"Nov 26, 2025",SAS @ POR,37,6,8
De'Aaron Fox,"Nov 23, 2025",SAS @ PHX,26,5,3
De'Aaron Fox,"Nov 20, 2025",SAS vs. ATL,26,5,9
De'Aaron Fox,"Nov 18, 2025",SAS vs. MEM,26,1,3
De'Aaron Fox,"Nov 16, 2025",SAS vs. SAC,28,2,11
De'Aaron Fox,"Nov 14, 2025",SAS vs. GSW,24,4,10
De'Aaron Fox,"Nov 12, 2025",SAS vs. GSW,13,5,5
De'Aaron Fox,"Nov 10, 2025",SAS @ CHI,21,4,5
De'Aaron Fox,"Nov 08, 2025",SAS vs. NOP,24,3,3
Stephon Castle,"Apr 08, 2026",OKC @ LAC,18,6,6
Stephon Castle,"Apr 05, 2026",OKC vs. UTA,15,2,7
Stephon Castle,"Apr 02, 2026",OKC vs. LAL,10,9,8
Stephon Castle,"Mar 29, 2026",OKC vs. NYK,22,1,2
Stephon Castle,"Mar 27, 2026",OKC vs. CHI,18,6,8
Stephon Castle,"Mar 25, 2026",OKC @ BOS,7,3,3
Stephon Castle,"Mar 23, 2026",OKC @ PHI,18,4,6
Stephon Castle,"Feb 11, 2026",OKC @ PHX,28,4,5
Stephon Castle,"Feb 09, 2026",OKC @ LAL,23,3,1
Stephon Castle,"Jan 17, 2026",OKC @ MIA,8,3,3
Stephon Castle,"Jan 15, 2026",OKC @ HOU,6,5,10
Stephon Castle,"Jan 13, 2026",OKC vs. SAS,20,0,3
Stephon Castle,"Jan 11, 2026",OKC vs. MIA,18,4,4
Stephon Castle,"Jan 09, 2026",OKC @ MEM,26,5,10
Stephon Castle,"Jan 07, 2026",OKC vs. UTA,17,6,8
Stephon Castle,"Jan 05, 2026",OKC vs. CHA,16,2,4
Stephon Castle,"Jan 04, 2026",OKC @ PHX,23,4,7
Stephon Castle,"Jan 02, 2026",OKC @ GSW,12,6,2
Stephon Castle,"Dec 31, 2025",OKC vs. POR,13,7,7
Stephon Castle,"Dec 29, 2025",OKC vs. ATL,20,8,7
Stephon Castle,"Dec 28, 2025",OKC vs. PHI,14,4,6
Stephon Castle,"Dec 25, 2025",OKC vs. SAS,12,2,6
Stephon Castle,"Dec 23, 2025",OKC @ SAS,17,6,8
Stephon Castle,"Dec 22, 2025",OKC vs. MEM,24,6,2
Stephon Castle,"Dec 19, 2025",OKC @ MIN,17,7,2
Stephon Castle,"Dec 18, 2025",OKC vs. LAC,20,1,5
Stephon Castle,"Dec 13, 2025",OKC vs. SAS,17,7,4
Stephon Castle,"Dec 10, 2025",OKC vs. PHX,15,5,5
Stephon Castle,"Dec 07, 2025",OKC @ UTA,25,3,8
Stephon Castle,"Dec 05, 2025",OKC vs. DAL,15,8,5
Stephon Castle,"Dec 02, 2025",OKC @ GSW,22,3,6
Stephon Castle,"Nov 30, 2025",OKC @ POR,16,8,5
Stephon Castle,"Nov 28, 2025",OKC vs. PHX,11,4,8
Devin Vassell,"Apr 12, 2026",SAS vs. DEN,19,4,2
Devin Vassell,"Apr 10, 2026",SAS vs. DAL,5,2,2
Devin Vassell,"Apr 08, 2026",SAS vs. POR,14,8,1
Devin Vassell,"Apr 06, 2026",SAS vs. PHI,9,4,4
Devin Vassell,"Apr 04, 2026",SAS @ DEN,18,5,2
Devin Vassell,"Apr 02, 2026",SAS @ LAC,14,10,2
Devin Vassell,"Apr 01, 2026",SAS @ GSW,8,2,4
Devin Vassell,"Mar 30, 2026",SAS vs. CHI,6,7,3
Devin Vassell,"Mar 28, 2026",SAS @ MIL,16,4,1
Devin Vassell,"Mar 25, 2026",SAS @ MEM,19,7,4
Devin Vassell,"Mar 23, 2026",SAS @ MIA,6,2,4
Devin Vassell,"Mar 19, 2026",SAS vs. PHX,12,2,2
Devin Vassell,"Mar 16, 2026",SAS @ LAC,20,3,4
Devin Vassell,"Mar 14, 2026",SAS vs. CHA,9,5,3
Devin Vassell,"Mar 12, 2026",SAS vs. DEN,18,1,3
Devin Vassell,"Mar 10, 2026",SAS vs. BOS,14,2,2
Devin Vassell,"Mar 08, 2026",SAS vs. HOU,5,5,3
Devin Vassell,"Mar 06, 2026",SAS vs. LAC,11,4,3
Devin Vassell,"Mar 05, 2026",SAS vs. DET,8,3,3
Devin Vassell,"Mar 03, 2026",SAS @ PHI,22,5,1
Devin Vassell,"Mar 01, 2026",SAS @ NYK,18,7,3
Devin Vassell,"Feb 26, 2026",SAS @ BKN,14,7,5
Devin Vassell,"Feb 25, 2026",SAS @ TOR,21,5,2
Devin Vassell,"Feb 23, 2026",SAS @ DET,28,2,4
Devin Vassell,"Feb 21, 2026",SAS vs. SAC,8,3,3
Devin Vassell,"Feb 19, 2026",SAS vs. PHX,12,2,2
Devin Vassell,"Feb 11, 2026",SAS @ GSW,8,4,2
Devin Vassell,"Feb 10, 2026",SAS @ LAL,9,2,1
Devin Vassell,"Feb 07, 2026",SAS vs. DAL,17,4,6
Devin Vassell,"Feb 05, 2026",SAS @ DAL,12,7,3
Devin Vassell,"Feb 04, 2026",SAS vs. OKC,5,3,0
Devin Vassell,"Feb 01, 2026",SAS vs. ORL,16,2,3
Devin Vassell,"Jan 31, 2026",SAS @ CHA,13,5,2
Devin Vassell,"Jan 28, 2026",SAS @ HOU,5,1,0
Devin Vassell,"Jan 25, 2026",SAS vs. NOP,13,1,1
Devin Vassell,"Dec 29, 2025",SAS vs. CLE,7,4,0
Devin Vassell,"Dec 27, 2025",SAS vs. UTA,11,3,3
Devin Vassell,"Dec 25, 2025",SAS @ OKC,5,4,2
Devin Vassell,"Dec 23, 2025",SAS vs. OKC,17,5,1
Devin Vassell,"Dec 21, 2025",SAS @ WAS,11,6,1
Devin Vassell,"Dec 19, 2025",SAS @ ATL,18,7,3
Devin Vassell,"Dec 18, 2025",SAS vs. WAS,18,6,3
Devin Vassell,"Dec 13, 2025",SAS @ OKC,23,5,4
Devin Vassell,"Dec 10, 2025",SAS @ LAL,8,4,5
Devin Vassell,"Dec 08, 2025",SAS @ NOP,5,3,3
Devin Vassell,"Dec 05, 2025",SAS @ CLE,28,3,3
Devin Vassell,"Dec 03, 2025",SAS @ ORL,15,6,1
Devin Vassell,"Dec 02, 2025",SAS vs. MEM,12,5,2
Devin Vassell,"Nov 30, 2025",SAS @ MIN,22,1,3
Devin Vassell,"Nov 28, 2025",SAS @ DEN,35,3,2
Devin Vassell,"Nov 26, 2025",SAS @ POR,23,6,0
Devin Vassell,"Nov 23, 2025",SAS @ PHX,17,4,2
Devin Vassell,"Nov 20, 2025",SAS vs. ATL,15,5,3
Devin Vassell,"Nov 18, 2025",SAS vs. MEM,10,3,5
Devin Vassell,"Nov 16, 2025",SAS vs. SAC,16,3,7
Devin Vassell,"Nov 14, 2025",SAS vs. GSW,11,3,2
Devin Vassell,"Nov 12, 2025",SAS vs. GSW,15,2,1
Devin Vassell,"Nov 10, 2025",SAS @ CHI,4,4,0
Devin Vassell,"Nov 08, 2025",SAS vs. NOP,16,2,0
Devin Vassell,"Nov 07, 2025",SAS vs. HOU,15,3,3
Devin Vassell,"Nov 05, 2025",SAS @ LAL,15,3,4
Devin Vassell,"Nov 02, 2025",SAS @ PHX,4,3,2
Devin Vassell,"Oct 30, 2025",SAS vs. MIA,17,9,1
Devin Vassell,"Oct 27, 2025",SAS vs. TOR,15,3,5
Devin Vassell,"Oct 26, 2025",SAS vs. BKN,16,3,1
Devin Vassell,"Oct 24, 2025",SAS @ NOP,23,5,1
Devin Vassell,"Oct 22, 2025",SAS @ DAL,13,3,4
Keldon Johnson,"Apr 12, 2026",SAS vs. DEN,18,6,1
Keldon Johnson,"Apr 10, 2026",SAS vs. DAL,17,6,2
Keldon Johnson,"Apr 08, 2026",SAS vs. POR,20,8,1
Keldon Johnson,"Apr 06, 2026",SAS vs. PHI,13,9,1
Keldon Johnson,"Apr 04, 2026",SAS @ DEN,10,2,0
Keldon Johnson,"Apr 02, 2026",SAS @ LAC,13,6,1
Keldon Johnson,"Apr 01, 2026",SAS @ GSW,11,3,1
Keldon Johnson,"Mar 30, 2026",SAS vs. CHI,15,2,1
Keldon Johnson,"Mar 28, 2026",SAS @ MIL,16,0,5
Keldon Johnson,"Mar 25, 2026",SAS @ MEM,15,7,3
Keldon Johnson,"Mar 23, 2026",SAS @ MIA,21,6,1
Keldon Johnson,"Mar 21, 2026",SAS vs. IND,24,4,4
Keldon Johnson,"Mar 19, 2026",SAS vs. PHX,6,4,1
Keldon Johnson,"Mar 17, 2026",SAS @ SAC,18,1,1
Keldon Johnson,"Mar 16, 2026",SAS @ LAC,8,5,0
Keldon Johnson,"Mar 14, 2026",SAS vs. CHA,13,5,0
Keldon Johnson,"Mar 12, 2026",SAS vs. DEN,5,7,3
Keldon Johnson,"Mar 10, 2026",SAS vs. BOS,8,6,0
Keldon Johnson,"Mar 08, 2026",SAS vs. HOU,20,1,2
Keldon Johnson,"Mar 06, 2026",SAS vs. LAC,10,6,0
Keldon Johnson,"Mar 05, 2026",SAS vs. DET,8,4,1
Keldon Johnson,"Mar 03, 2026",SAS @ PHI,12,9,0
Keldon Johnson,"Mar 01, 2026",SAS @ NYK,3,3,0
Keldon Johnson,"Feb 26, 2026",SAS @ BKN,13,4,0
Keldon Johnson,"Feb 25, 2026",SAS @ TOR,2,1,3
Keldon Johnson,"Feb 23, 2026",SAS @ DET,9,4,0
Keldon Johnson,"Feb 21, 2026",SAS vs. SAC,18,1,0
Keldon Johnson,"Feb 19, 2026",SAS vs. PHX,6,2,1
Keldon Johnson,"Feb 11, 2026",SAS @ GSW,21,6,2
Keldon Johnson,"Feb 10, 2026",SAS @ LAL,6,4,2
Keldon Johnson,"Feb 07, 2026",SAS vs. DAL,8,4,0
Keldon Johnson,"Feb 05, 2026",SAS @ DAL,12,6,4
Keldon Johnson,"Feb 04, 2026",SAS vs. OKC,25,6,2
Keldon Johnson,"Feb 01, 2026",SAS vs. ORL,14,10,1
Keldon Johnson,"Jan 31, 2026",SAS @ CHA,6,2,1
Keldon Johnson,"Jan 28, 2026",SAS @ HOU,17,7,5
Keldon Johnson,"Jan 25, 2026",SAS vs. NOP,15,2,1
Keldon Johnson,"Jan 22, 2026",SAS @ UTA,21,1,5
Keldon Johnson,"Jan 20, 2026",SAS @ HOU,12,6,0
Keldon Johnson,"Jan 19, 2026",SAS vs. UTA,2,3,2
Keldon Johnson,"Jan 17, 2026",SAS vs. MIN,20,1,2
Keldon Johnson,"Jan 15, 2026",SAS vs. MIL,7,8,2
Keldon Johnson,"Jan 13, 2026",SAS @ OKC,9,3,0
Keldon Johnson,"Jan 11, 2026",SAS @ MIN,15,2,0
Keldon Johnson,"Jan 10, 2026",SAS @ BOS,18,10,1
Keldon Johnson,"Jan 07, 2026",SAS vs. LAL,27,6,0
Keldon Johnson,"Jan 06, 2026",SAS @ MEM,13,5,0
Keldon Johnson,"Jan 03, 2026",SAS vs. POR,5,8,1
Keldon Johnson,"Jan 02, 2026",SAS @ IND,16,6,1
Keldon Johnson,"Dec 31, 2025",SAS vs. NYK,19,8,0
Keldon Johnson,"Dec 29, 2025",SAS vs. CLE,8,3,0
Keldon Johnson,"Dec 27, 2025",SAS vs. UTA,27,10,1
Keldon Johnson,"Dec 25, 2025",SAS @ OKC,9,7,0
Keldon Johnson,"Dec 23, 2025",SAS vs. OKC,25,1,1
Keldon Johnson,"Dec 21, 2025",SAS @ WAS,12,9,0
Keldon Johnson,"Dec 19, 2025",SAS @ ATL,13,3,2
Keldon Johnson,"Dec 18, 2025",SAS vs. WAS,9,8,1
Keldon Johnson,"Dec 13, 2025",SAS @ OKC,3,6,0
Keldon Johnson,"Dec 10, 2025",SAS @ LAL,17,8,0
Keldon Johnson,"Dec 08, 2025",SAS @ NOP,12,6,2
Keldon Johnson,"Dec 05, 2025",SAS @ CLE,14,7,0
Keldon Johnson,"Dec 03, 2025",SAS @ ORL,13,4,1
Keldon Johnson,"Dec 02, 2025",SAS vs. MEM,11,6,4
Keldon Johnson,"Nov 30, 2025",SAS @ MIN,22,8,2
Keldon Johnson,"Nov 28, 2025",SAS @ DEN,14,8,2
Keldon Johnson,"Nov 26, 2025",SAS @ POR,11,10,2
Keldon Johnson,"Nov 23, 2025",SAS @ PHX,14,6,2
Keldon Johnson,"Nov 20, 2025",SAS vs. ATL,25,7,2
Keldon Johnson,"Nov 18, 2025",SAS vs. MEM,18,7,2
Keldon Johnson,"Nov 16, 2025",SAS vs. SAC,14,12,1
Keldon Johnson,"Nov 14, 2025",SAS vs. GSW,4,5,3
Keldon Johnson,"Nov 12, 2025",SAS vs. GSW,6,9,1
Keldon Johnson,"Nov 10, 2025",SAS @ CHI,10,7,1
Keldon Johnson,"Nov 08, 2025",SAS vs. NOP,12,8,4
Keldon Johnson,"Nov 07, 2025",SAS vs. HOU,8,6,4
Keldon Johnson,"Nov 05, 2025",SAS @ LAL,12,1,1
Keldon Johnson,"Nov 02, 2025",SAS @ PHX,19,3,2
Keldon Johnson,"Oct 30, 2025",SAS vs. MIA,11,3,1
Keldon Johnson,"Oct 27, 2025",SAS vs. TOR,10,5,0
Keldon Johnson,"Oct 26, 2025",SAS vs. BKN,19,6,1
Keldon Johnson,"Oct 24, 2025",SAS @ NOP,8,10,1
Keldon Johnson,"Oct 22, 2025",SAS @ DAL,11,5,2
Jeremy Sochan,"Apr 12, 2026",NYK vs. CHA,12,6,5
Jeremy Sochan,"Apr 10, 2026",NYK vs. TOR,0,1,0
Jeremy Sochan,"Apr 03, 2026",NYK vs. CHI,7,8,1
Jeremy Sochan,"Mar 31, 2026",NYK @ HOU,2,0,0
Jeremy Sochan,"Mar 22, 2026",NYK vs. WAS,8,6,1
Jeremy Sochan,"Mar 17, 2026",NYK vs. IND,2,1,0
Jeremy Sochan,"Mar 11, 2026",NYK @ UTA,4,1,0
Jeremy Sochan,"Mar 06, 2026",NYK @ DEN,2,3,2
Jeremy Sochan,"Mar 04, 2026",NYK vs. OKC,0,0,0
Jeremy Sochan,"Mar 03, 2026",NYK @ TOR,0,0,0
Jeremy Sochan,"Mar 01, 2026",NYK vs. SAS,1,1,0
Jeremy Sochan,"Feb 27, 2026",NYK @ MIL,2,2,0
Jeremy Sochan,"Feb 24, 2026",NYK @ CLE,0,2,0
Jeremy Sochan,"Feb 22, 2026",NYK @ CHI,2,3,2
Jeremy Sochan,"Feb 21, 2026",NYK vs. HOU,0,0,0
Jeremy Sochan,"Feb 19, 2026",NYK vs. DET,2,0,1
Jeremy Sochan,"Feb 07, 2026",SAS vs. DAL,0,0,0
Jeremy Sochan,"Jan 22, 2026",SAS @ UTA,0,0,0
Jeremy Sochan,"Jan 15, 2026",SAS vs. MIL,2,1,0
Jeremy Sochan,"Jan 13, 2026",SAS @ OKC,0,1,0
Jeremy Sochan,"Jan 10, 2026",SAS @ BOS,0,0,0
Jeremy Sochan,"Jan 07, 2026",SAS vs. LAL,6,0,1
Jeremy Sochan,"Jan 06, 2026",SAS @ MEM,2,6,1
Jeremy Sochan,"Dec 27, 2025",SAS vs. UTA,0,0,1
Jeremy Sochan,"Dec 25, 2025",SAS @ OKC,0,1,0
Jeremy Sochan,"Dec 19, 2025",SAS @ ATL,0,1,0
Jeremy Sochan,"Dec 18, 2025",SAS vs. WAS,0,2,1
Jeremy Sochan,"Dec 08, 2025",SAS @ NOP,2,3,0
Jeremy Sochan,"Dec 05, 2025",SAS @ CLE,10,5,1
Jeremy Sochan,"Dec 03, 2025",SAS @ ORL,4,7,1
Jeremy Sochan,"Dec 02, 2025",SAS vs. MEM,11,6,1
Jeremy Sochan,"Nov 30, 2025",SAS @ MIN,2,1,0
Jeremy Sochan,"Nov 28, 2025",SAS @ DEN,4,1,2
Jeremy Sochan,"Nov 26, 2025",SAS @ POR,2,3,0
Jeremy Sochan,"Nov 23, 2025",SAS @ PHX,7,5,1
Jeremy Sochan,"Nov 20, 2025",SAS vs. ATL,8,5,5
Jeremy Sochan,"Nov 18, 2025",SAS vs. MEM,8,6,2
Jeremy Sochan,"Nov 16, 2025",SAS vs. SAC,11,5,2
Jeremy Sochan,"Nov 14, 2025",SAS vs. GSW,5,3,2
Jeremy Sochan,"Nov 12, 2025",SAS vs. GSW,3,3,1
Jeremy Sochan,"Nov 10, 2025",SAS @ CHI,1,1,0
Jeremy Sochan,"Nov 08, 2025",SAS vs. NOP,8,3,4
Jeremy Sochan,"Nov 07, 2025",SAS vs. HOU,2,2,2
Jeremy Sochan,"Nov 05, 2025",SAS @ LAL,16,2,0
Tre Jones,"Apr 12, 2026",CHI @ DAL,6,3,2
Tre Jones,"Apr 10, 2026",CHI vs. ORL,23,4,4
Tre Jones,"Apr 09, 2026",CHI @ WAS,31,6,3
Tre Jones,"Apr 07, 2026",CHI @ WAS,20,2,9
Tre Jones,"Apr 05, 2026",CHI vs. PHX,29,3,6
Tre Jones,"Apr 03, 2026",CHI @ NYK,13,3,8
Tre Jones,"Apr 01, 2026",CHI vs. IND,15,2,1
Tre Jones,"Mar 30, 2026",CHI @ SAS,23,2,3
Tre Jones,"Mar 28, 2026",CHI @ MEM,19,9,6
Tre Jones,"Mar 27, 2026",CHI @ OKC,21,7,9
Tre Jones,"Mar 25, 2026",CHI @ PHI,15,4,7
Tre Jones,"Mar 23, 2026",CHI vs. HOU,15,5,6
Tre Jones,"Mar 19, 2026",CHI vs. CLE,20,4,3
Tre Jones,"Mar 18, 2026",CHI vs. TOR,6,2,5
Tre Jones,"Mar 16, 2026",CHI vs. MEM,17,5,5
Tre Jones,"Mar 13, 2026",CHI @ LAC,21,1,2
Tre Jones,"Mar 12, 2026",CHI @ LAL,18,4,6
Tre Jones,"Mar 10, 2026",CHI @ GSW,22,4,5
Tre Jones,"Mar 08, 2026",CHI @ SAC,12,1,5
Tre Jones,"Mar 05, 2026",CHI @ PHX,21,6,5
Tre Jones,"Mar 03, 2026",CHI vs. OKC,15,2,2
Tre Jones,"Mar 01, 2026",CHI vs. MIL,13,3,6
Tre Jones,"Feb 26, 2026",CHI vs. POR,19,3,4
Tre Jones,"Feb 24, 2026",CHI vs. CHA,3,2,1
Tre Jones,"Feb 22, 2026",CHI vs. NYK,8,1,3
Tre Jones,"Feb 21, 2026",CHI vs. DET,7,2,6
Tre Jones,"Feb 19, 2026",CHI vs. TOR,12,1,6
Tre Jones,"Jan 22, 2026",CHI @ MIN,12,3,7
Tre Jones,"Jan 20, 2026",CHI vs. LAC,15,8,10
Tre Jones,"Jan 18, 2026",CHI vs. BKN,10,0,10
Tre Jones,"Jan 16, 2026",CHI @ BKN,11,5,5
Tre Jones,"Jan 14, 2026",CHI vs. UTA,7,0,8
Tre Jones,"Jan 13, 2026",CHI @ HOU,34,2,7
Tre Jones,"Jan 10, 2026",CHI vs. DAL,13,3,5
Tre Jones,"Jan 07, 2026",CHI @ DET,6,7,12
Tre Jones,"Jan 05, 2026",CHI @ BOS,10,5,4
Tre Jones,"Jan 03, 2026",CHI vs. CHA,10,2,8
Tre Jones,"Jan 02, 2026",CHI vs. ORL,6,0,5
Tre Jones,"Dec 31, 2025",CHI vs. NOP,20,2,12
Tre Jones,"Dec 29, 2025",CHI vs. MIN,11,2,4
Tre Jones,"Dec 27, 2025",CHI vs. MIL,6,1,6
Tre Jones,"Dec 26, 2025",CHI vs. PHI,15,6,2
Tre Jones,"Dec 23, 2025",CHI @ ATL,9,3,2
Tre Jones,"Dec 21, 2025",CHI @ ATL,11,3,5
Tre Jones,"Dec 19, 2025",CHI @ CLE,16,1,6
Tre Jones,"Dec 17, 2025",CHI vs. CLE,11,1,11
Tre Jones,"Dec 14, 2025",CHI vs. NOP,6,2,5
Tre Jones,"Dec 12, 2025",CHI @ CHA,6,2,5
Tre Jones,"Dec 01, 2025",CHI @ ORL,20,1,3
Tre Jones,"Nov 29, 2025",CHI @ IND,17,1,2
Tre Jones,"Nov 28, 2025",CHI @ CHA,16,1,4
Tre Jones,"Nov 24, 2025",CHI @ NOP,10,2,11
Tre Jones,"Nov 22, 2025",CHI vs. WAS,10,2,1
Tre Jones,"Nov 21, 2025",CHI vs. MIA,6,4,2
Tre Jones,"Nov 12, 2025",CHI @ DET,11,2,5
Tre Jones,"Nov 10, 2025",CHI vs. SAS,20,7,7
Tre Jones,"Nov 08, 2025",CHI @ CLE,17,6,4
Tre Jones,"Nov 07, 2025",CHI @ MIL,17,5,4
Tre Jones,"Nov 04, 2025",CHI vs. PHI,8,4,2
Tre Jones,"Nov 02, 2025",CHI @ NYK,15,2,5
Tre Jones,"Oct 31, 2025",CHI vs. NYK,8,4,3
Tre Jones,"Oct 29, 2025",CHI vs. SAC,11,1,5
Tre Jones,"Oct 27, 2025",CHI vs. ATL,14,7,9
Tre Jones,"Oct 25, 2025",CHI @ ORL,13,5,8
Tre Jones,"Oct 22, 2025",CHI vs. DET,12,1,8
