PLAYER_NAME,SEASON,GAME_DATE,MATCHUP,PTS,REB,AST
Mikal Bridges,2025-26,2026-04-12,NYK vs. CHA,0,0,0
De'Aaron Fox,2025-26,2026-04-12,SAS vs. DEN,24,6,5
Devin Vassell,2025-26,2026-04-12,SAS vs. DEN,19,4,2
Keldon Johnson,2025-26,2026-04-12,SAS vs. DEN,18,6,1
Jalen Brunson,2025-26,2026-04-10,NYK vs. TOR,29,3,2
Keldon Johnson,2025-26,2026-04-10,SAS vs. DAL,17,6,2
OG Anunoby,2025-26,2026-04-10,NYK vs. TOR,2,5,3
Josh Hart,2025-26,2026-04-10,NYK vs. TOR,3,4,2
Victor Wembanyama,2025-26,2026-04-10,SAS vs. DAL,40,13,5
Karl-Anthony Towns,2025-26,2026-04-10,NYK vs. TOR,22,10,5
De'Aaron Fox,2025-26,2026-04-10,SAS vs. DAL,18,1,10
Devin Vassell,2025-26,2026-04-10,SAS vs. DAL,5,2,2
Mikal Bridges,2025-26,2026-04-10,NYK vs. TOR,13,1,3
Karl-Anthony Towns,2025-26,2026-04-09,NYK vs. BOS,16,12,4
Jalen Brunson,2025-26,2026-04-09,NYK vs. BOS,25,1,10
Mikal Bridges,2025-26,2026-04-09,NYK vs. BOS,10,2,6
Josh Hart,2025-26,2026-04-09,NYK vs. BOS,26,1,3
OG Anunoby,2025-26,2026-04-09,NYK vs. BOS,13,4,1
Stephon Castle,2025-26,2026-04-08,OKC @ LAC,18,6,6
Keldon Johnson,2025-26,2026-04-08,SAS vs. POR,20,8,1
De'Aaron Fox,2025-26,2026-04-08,SAS vs. POR,25,5,7
Devin Vassell,2025-26,2026-04-08,SAS vs. POR,14,8,1
Julius Randle,2025-26,2026-04-07,MIN @ IND,19,2,4
Victor Wembanyama,2025-26,2026-04-06,SAS vs. PHI,17,5,1
Karl-Anthony Towns,2025-26,2026-04-06,NYK @ ATL,21,12,6
Mikal Bridges,2025-26,2026-04-06,NYK @ ATL,15,5,2
Keldon Johnson,2025-26,2026-04-06,SAS vs. PHI,13,9,1
Josh Hart,2025-26,2026-04-06,NYK @ ATL,2,5,3
De'Aaron Fox,2025-26,2026-04-06,SAS vs. PHI,13,0,4
OG Anunoby,2025-26,2026-04-06,NYK @ ATL,22,5,1
Devin Vassell,2025-26,2026-04-06,SAS vs. PHI,9,4,4
Jalen Brunson,2025-26,2026-04-06,NYK @ ATL,30,3,13
Julius Randle,2025-26,2026-04-05,MIN vs. CHA,26,8,4
Stephon Castle,2025-26,2026-04-05,OKC vs. UTA,15,2,7
Keldon Johnson,2025-26,2026-04-04,SAS @ DEN,10,2,0
De'Aaron Fox,2025-26,2026-04-04,SAS @ DEN,14,4,4
Victor Wembanyama,2025-26,2026-04-04,SAS @ DEN,34,18,7
Devin Vassell,2025-26,2026-04-04,SAS @ DEN,18,5,2
Julius Randle,2025-26,2026-04-03,MIN @ PHI,21,7,3
Jalen Brunson,2025-26,2026-04-03,NYK vs. CHI,17,1,10
OG Anunoby,2025-26,2026-04-03,NYK vs. CHI,31,8,2
Josh Hart,2025-26,2026-04-03,NYK vs. CHI,7,11,4
Mikal Bridges,2025-26,2026-04-03,NYK vs. CHI,12,2,0
Julius Randle,2025-26,2026-04-02,MIN @ DET,27,6,6
Devin Vassell,2025-26,2026-04-02,SAS @ LAC,14,10,2
Keldon Johnson,2025-26,2026-04-02,SAS @ LAC,13,6,1
Stephon Castle,2025-26,2026-04-02,OKC vs. LAL,10,9,8
De'Aaron Fox,2025-26,2026-04-02,SAS @ LAC,22,8,5
OG Anunoby,2025-26,2026-04-01,NYK @ MEM,25,13,3
Keldon Johnson,2025-26,2026-04-01,SAS @ GSW,11,3,1
Victor Wembanyama,2025-26,2026-04-01,SAS @ GSW,41,18,3
Devin Vassell,2025-26,2026-04-01,SAS @ GSW,8,2,4
Mikal Bridges,2025-26,2026-04-01,NYK @ MEM,24,2,1
Josh Hart,2025-26,2026-04-01,NYK @ MEM,5,6,6
Karl-Anthony Towns,2025-26,2026-04-01,NYK @ MEM,20,11,11
De'Aaron Fox,2025-26,2026-04-01,SAS @ GSW,11,4,4
Jalen Brunson,2025-26,2026-03-31,NYK @ HOU,12,6,8
Josh Hart,2025-26,2026-03-31,NYK @ HOU,13,5,2
Mikal Bridges,2025-26,2026-03-31,NYK @ HOU,7,3,4
OG Anunoby,2025-26,2026-03-31,NYK @ HOU,8,6,0
Karl-Anthony Towns,2025-26,2026-03-31,NYK @ HOU,22,8,3
De'Aaron Fox,2025-26,2026-03-30,SAS vs. CHI,7,2,6
Julius Randle,2025-26,2026-03-30,MIN @ DAL,24,3,4
Keldon Johnson,2025-26,2026-03-30,SAS vs. CHI,15,2,1
Devin Vassell,2025-26,2026-03-30,SAS vs. CHI,6,7,3
Victor Wembanyama,2025-26,2026-03-30,SAS vs. CHI,41,16,4
Mikal Bridges,2025-26,2026-03-29,NYK @ OKC,15,1,1
Jalen Brunson,2025-26,2026-03-29,NYK @ OKC,32,5,5
OG Anunoby,2025-26,2026-03-29,NYK @ OKC,10,0,3
Josh Hart,2025-26,2026-03-29,NYK @ OKC,15,6,3
Stephon Castle,2025-26,2026-03-29,OKC vs. NYK,22,1,2
Karl-Anthony Towns,2025-26,2026-03-29,NYK @ OKC,15,18,2
Devin Vassell,2025-26,2026-03-28,SAS @ MIL,16,4,1
Julius Randle,2025-26,2026-03-28,MIN vs. DET,11,8,4
De'Aaron Fox,2025-26,2026-03-28,SAS @ MIL,12,2,6
Victor Wembanyama,2025-26,2026-03-28,SAS @ MIL,23,15,6
Keldon Johnson,2025-26,2026-03-28,SAS @ MIL,16,0,5
Stephon Castle,2025-26,2026-03-27,OKC vs. CHI,18,6,8
Jalen Brunson,2025-26,2026-03-26,NYK @ CHA,26,2,13
Mikal Bridges,2025-26,2026-03-26,NYK @ CHA,14,0,2
Karl-Anthony Towns,2025-26,2026-03-26,NYK @ CHA,13,3,2
OG Anunoby,2025-26,2026-03-26,NYK @ CHA,17,3,2
Josh Hart,2025-26,2026-03-26,NYK @ CHA,16,7,4
Devin Vassell,2025-26,2026-03-25,SAS @ MEM,19,7,4
Julius Randle,2025-26,2026-03-25,MIN vs. HOU,24,6,6
Keldon Johnson,2025-26,2026-03-25,SAS @ MEM,15,7,3
Stephon Castle,2025-26,2026-03-25,OKC @ BOS,7,3,3
Victor Wembanyama,2025-26,2026-03-25,SAS @ MEM,19,15,3
Karl-Anthony Towns,2025-26,2026-03-24,NYK vs. NOP,21,14,1
Mikal Bridges,2025-26,2026-03-24,NYK vs. NOP,14,2,7
OG Anunoby,2025-26,2026-03-24,NYK vs. NOP,21,4,4
Jalen Brunson,2025-26,2026-03-24,NYK vs. NOP,32,1,7
Josh Hart,2025-26,2026-03-24,NYK vs. NOP,10,8,3
Victor Wembanyama,2025-26,2026-03-23,SAS @ MIA,26,15,4
Keldon Johnson,2025-26,2026-03-23,SAS @ MIA,21,6,1
Devin Vassell,2025-26,2026-03-23,SAS @ MIA,6,2,4
Stephon Castle,2025-26,2026-03-23,OKC @ PHI,18,4,6
De'Aaron Fox,2025-26,2026-03-23,SAS @ MIA,14,3,6
Jalen Brunson,2025-26,2026-03-22,NYK vs. WAS,23,0,4
OG Anunoby,2025-26,2026-03-22,NYK vs. WAS,9,2,0
Mikal Bridges,2025-26,2026-03-22,NYK vs. WAS,14,0,6
Julius Randle,2025-26,2026-03-22,MIN @ BOS,9,9,4
Josh Hart,2025-26,2026-03-22,NYK vs. WAS,16,6,4
Karl-Anthony Towns,2025-26,2026-03-22,NYK vs. WAS,26,16,3
Victor Wembanyama,2025-26,2026-03-21,SAS vs. IND,20,8,6
De'Aaron Fox,2025-26,2026-03-21,SAS vs. IND,14,3,7
Keldon Johnson,2025-26,2026-03-21,SAS vs. IND,24,4,4
OG Anunoby,2025-26,2026-03-20,NYK @ BKN,16,3,1
Mikal Bridges,2025-26,2026-03-20,NYK @ BKN,9,7,2
Jalen Brunson,2025-26,2026-03-20,NYK @ BKN,17,5,8
Julius Randle,2025-26,2026-03-20,MIN vs. POR,19,5,4
Karl-Anthony Towns,2025-26,2026-03-20,NYK @ BKN,26,15,1
Victor Wembanyama,2025-26,2026-03-19,SAS vs. PHX,34,12,1
Keldon Johnson,2025-26,2026-03-19,SAS vs. PHX,6,4,1
De'Aaron Fox,2025-26,2026-03-19,SAS vs. PHX,23,7,3
Devin Vassell,2025-26,2026-03-19,SAS vs. PHX,12,2,2
Julius Randle,2025-26,2026-03-18,MIN vs. UTA,21,1,8
Josh Hart,2025-26,2026-03-17,NYK vs. IND,33,7,5
Keldon Johnson,2025-26,2026-03-17,SAS @ SAC,18,1,1
OG Anunoby,2025-26,2026-03-17,NYK vs. IND,26,8,4
Karl-Anthony Towns,2025-26,2026-03-17,NYK vs. IND,22,11,2
Mikal Bridges,2025-26,2026-03-17,NYK vs. IND,10,4,5
De'Aaron Fox,2025-26,2026-03-17,SAS @ SAC,15,5,6
Julius Randle,2025-26,2026-03-17,MIN vs. PHX,32,7,2
Victor Wembanyama,2025-26,2026-03-17,SAS @ SAC,18,8,3
Victor Wembanyama,2025-26,2026-03-16,SAS @ LAC,21,13,2
Devin Vassell,2025-26,2026-03-16,SAS @ LAC,20,3,4
Keldon Johnson,2025-26,2026-03-16,SAS @ LAC,8,5,0
De'Aaron Fox,2025-26,2026-03-16,SAS @ LAC,18,3,6
OG Anunoby,2025-26,2026-03-15,NYK vs. GSW,14,4,1
Karl-Anthony Towns,2025-26,2026-03-15,NYK vs. GSW,17,12,2
Mikal Bridges,2025-26,2026-03-15,NYK vs. GSW,7,3,2
Jalen Brunson,2025-26,2026-03-15,NYK vs. GSW,30,1,9
Josh Hart,2025-26,2026-03-15,NYK vs. GSW,7,12,5
Julius Randle,2025-26,2026-03-15,MIN @ OKC,32,7,6
Devin Vassell,2025-26,2026-03-14,SAS vs. CHA,9,5,3
Victor Wembanyama,2025-26,2026-03-14,SAS vs. CHA,32,12,8
Keldon Johnson,2025-26,2026-03-14,SAS vs. CHA,13,5,0
De'Aaron Fox,2025-26,2026-03-14,SAS vs. CHA,17,6,4
Julius Randle,2025-26,2026-03-13,MIN @ GSW,10,4,1
Mikal Bridges,2025-26,2026-03-13,NYK @ IND,11,4,0
Jalen Brunson,2025-26,2026-03-13,NYK @ IND,29,5,9
OG Anunoby,2025-26,2026-03-13,NYK @ IND,25,8,5
Devin Vassell,2025-26,2026-03-12,SAS vs. DEN,18,1,3
Keldon Johnson,2025-26,2026-03-12,SAS vs. DEN,5,7,3
De'Aaron Fox,2025-26,2026-03-12,SAS vs. DEN,27,3,9
Jalen Brunson,2025-26,2026-03-11,NYK @ UTA,28,4,8
Julius Randle,2025-26,2026-03-11,MIN @ LAC,11,6,4
Mikal Bridges,2025-26,2026-03-11,NYK @ UTA,5,5,2
Karl-Anthony Towns,2025-26,2026-03-11,NYK @ UTA,21,7,7
OG Anunoby,2025-26,2026-03-11,NYK @ UTA,22,2,1
Victor Wembanyama,2025-26,2026-03-10,SAS vs. BOS,39,11,3
De'Aaron Fox,2025-26,2026-03-10,SAS vs. BOS,25,3,9
Keldon Johnson,2025-26,2026-03-10,SAS vs. BOS,8,6,0
Julius Randle,2025-26,2026-03-10,MIN @ LAL,14,7,2
Devin Vassell,2025-26,2026-03-10,SAS vs. BOS,14,2,2
Mikal Bridges,2025-26,2026-03-09,NYK @ LAC,7,7,4
Karl-Anthony Towns,2025-26,2026-03-09,NYK @ LAC,35,12,7
OG Anunoby,2025-26,2026-03-09,NYK @ LAC,22,6,2
Josh Hart,2025-26,2026-03-09,NYK @ LAC,12,13,3
Jalen Brunson,2025-26,2026-03-09,NYK @ LAC,28,4,8
Mikal Bridges,2025-26,2026-03-08,NYK @ LAL,0,6,5
OG Anunoby,2025-26,2026-03-08,NYK @ LAL,13,8,1
Keldon Johnson,2025-26,2026-03-08,SAS vs. HOU,20,1,2
Josh Hart,2025-26,2026-03-08,NYK @ LAL,8,6,2
Devin Vassell,2025-26,2026-03-08,SAS vs. HOU,5,5,3
De'Aaron Fox,2025-26,2026-03-08,SAS vs. HOU,20,2,10
Jalen Brunson,2025-26,2026-03-08,NYK @ LAL,24,6,7
Victor Wembanyama,2025-26,2026-03-08,SAS vs. HOU,29,8,1
Karl-Anthony Towns,2025-26,2026-03-08,NYK @ LAL,25,16,2
Julius Randle,2025-26,2026-03-07,MIN vs. ORL,14,9,1
Devin Vassell,2025-26,2026-03-06,SAS vs. LAC,11,4,3
OG Anunoby,2025-26,2026-03-06,NYK @ DEN,34,7,5
Keldon Johnson,2025-26,2026-03-06,SAS vs. LAC,10,6,0
Victor Wembanyama,2025-26,2026-03-06,SAS vs. LAC,27,10,1
Jalen Brunson,2025-26,2026-03-06,NYK @ DEN,9,3,15
Josh Hart,2025-26,2026-03-06,NYK @ DEN,18,5,2
Mikal Bridges,2025-26,2026-03-06,NYK @ DEN,9,2,4
Karl-Anthony Towns,2025-26,2026-03-06,NYK @ DEN,17,13,2
De'Aaron Fox,2025-26,2026-03-06,SAS vs. LAC,19,2,9
Julius Randle,2025-26,2026-03-05,MIN vs. TOR,17,8,4
Victor Wembanyama,2025-26,2026-03-05,SAS vs. DET,38,16,3
De'Aaron Fox,2025-26,2026-03-05,SAS vs. DET,29,5,3
Keldon Johnson,2025-26,2026-03-05,SAS vs. DET,8,4,1
Devin Vassell,2025-26,2026-03-05,SAS vs. DET,8,3,3
Mikal Bridges,2025-26,2026-03-04,NYK vs. OKC,15,4,0
OG Anunoby,2025-26,2026-03-04,NYK vs. OKC,16,3,0
Josh Hart,2025-26,2026-03-04,NYK vs. OKC,10,12,3
Karl-Anthony Towns,2025-26,2026-03-04,NYK vs. OKC,17,17,1
Jalen Brunson,2025-26,2026-03-04,NYK vs. OKC,16,3,15
Victor Wembanyama,2025-26,2026-03-03,SAS @ PHI,10,8,4
Jalen Brunson,2025-26,2026-03-03,NYK @ TOR,26,2,10
Josh Hart,2025-26,2026-03-03,NYK @ TOR,12,7,7
OG Anunoby,2025-26,2026-03-03,NYK @ TOR,15,5,0
Julius Randle,2025-26,2026-03-03,MIN vs. MEM,23,11,4
Mikal Bridges,2025-26,2026-03-03,NYK @ TOR,11,2,4
Karl-Anthony Towns,2025-26,2026-03-03,NYK @ TOR,21,12,6
Devin Vassell,2025-26,2026-03-03,SAS @ PHI,22,5,1
Keldon Johnson,2025-26,2026-03-03,SAS @ PHI,12,9,0
De'Aaron Fox,2025-26,2026-03-03,SAS @ PHI,11,5,7
Devin Vassell,2025-26,2026-03-01,SAS @ NYK,18,7,3
Victor Wembanyama,2025-26,2026-03-01,SAS @ NYK,25,13,2
Mikal Bridges,2025-26,2026-03-01,NYK vs. SAS,25,5,2
Keldon Johnson,2025-26,2026-03-01,SAS @ NYK,3,3,0
Josh Hart,2025-26,2026-03-01,NYK vs. SAS,10,10,7
De'Aaron Fox,2025-26,2026-03-01,SAS @ NYK,7,3,6
Jalen Brunson,2025-26,2026-03-01,NYK vs. SAS,24,4,7
Julius Randle,2025-26,2026-03-01,MIN @ DEN,14,9,7
Karl-Anthony Towns,2025-26,2026-03-01,NYK vs. SAS,12,14,1
OG Anunoby,2025-26,2026-03-01,NYK vs. SAS,12,5,1
Mikal Bridges,2025-26,2026-02-27,NYK @ MIL,10,0,6
OG Anunoby,2025-26,2026-02-27,NYK @ MIL,24,3,3
Josh Hart,2025-26,2026-02-27,NYK @ MIL,12,5,5
Karl-Anthony Towns,2025-26,2026-02-27,NYK @ MIL,17,13,1
Jalen Brunson,2025-26,2026-02-27,NYK @ MIL,27,7,3
Devin Vassell,2025-26,2026-02-26,SAS @ BKN,14,7,5
De'Aaron Fox,2025-26,2026-02-26,SAS @ BKN,14,1,6
Keldon Johnson,2025-26,2026-02-26,SAS @ BKN,13,4,0
Julius Randle,2025-26,2026-02-26,MIN @ LAC,4,3,6
Victor Wembanyama,2025-26,2026-02-26,SAS @ BKN,12,8,5
De'Aaron Fox,2025-26,2026-02-25,SAS @ TOR,20,2,1
Keldon Johnson,2025-26,2026-02-25,SAS @ TOR,2,1,3
Victor Wembanyama,2025-26,2026-02-25,SAS @ TOR,12,8,3
Devin Vassell,2025-26,2026-02-25,SAS @ TOR,21,5,2
Julius Randle,2025-26,2026-02-24,MIN @ POR,13,7,6
Josh Hart,2025-26,2026-02-24,NYK @ CLE,10,4,5
Karl-Anthony Towns,2025-26,2026-02-24,NYK @ CLE,14,7,2
Jalen Brunson,2025-26,2026-02-24,NYK @ CLE,20,1,4
OG Anunoby,2025-26,2026-02-24,NYK @ CLE,5,3,2
Mikal Bridges,2025-26,2026-02-24,NYK @ CLE,18,4,2
Keldon Johnson,2025-26,2026-02-23,SAS @ DET,9,4,0
De'Aaron Fox,2025-26,2026-02-23,SAS @ DET,10,7,7
Devin Vassell,2025-26,2026-02-23,SAS @ DET,28,2,4
Victor Wembanyama,2025-26,2026-02-23,SAS @ DET,21,17,4
OG Anunoby,2025-26,2026-02-22,NYK @ CHI,9,9,2
Julius Randle,2025-26,2026-02-22,MIN vs. PHI,18,3,3
Jalen Brunson,2025-26,2026-02-22,NYK @ CHI,19,5,9
Karl-Anthony Towns,2025-26,2026-02-22,NYK @ CHI,28,11,2
Josh Hart,2025-26,2026-02-22,NYK @ CHI,11,9,5
Mikal Bridges,2025-26,2026-02-22,NYK @ CHI,11,2,5
Jalen Brunson,2025-26,2026-02-21,NYK vs. HOU,20,3,6
Josh Hart,2025-26,2026-02-21,NYK vs. HOU,2,6,6
Keldon Johnson,2025-26,2026-02-21,SAS vs. SAC,18,1,0
De'Aaron Fox,2025-26,2026-02-21,SAS vs. SAC,18,2,5
Victor Wembanyama,2025-26,2026-02-21,SAS vs. SAC,28,15,6
OG Anunoby,2025-26,2026-02-21,NYK vs. HOU,20,2,1
Mikal Bridges,2025-26,2026-02-21,NYK vs. HOU,11,6,5
Karl-Anthony Towns,2025-26,2026-02-21,NYK vs. HOU,25,7,1
Devin Vassell,2025-26,2026-02-21,SAS vs. SAC,8,3,3
Julius Randle,2025-26,2026-02-20,MIN vs. DAL,13,5,3
De'Aaron Fox,2025-26,2026-02-19,SAS vs. PHX,15,3,8
Mikal Bridges,2025-26,2026-02-19,NYK vs. DET,8,3,0
Jalen Brunson,2025-26,2026-02-19,NYK vs. DET,33,6,8
Josh Hart,2025-26,2026-02-19,NYK vs. DET,11,4,3
Victor Wembanyama,2025-26,2026-02-19,SAS vs. PHX,17,11,4
Devin Vassell,2025-26,2026-02-19,SAS vs. PHX,12,2,2
Karl-Anthony Towns,2025-26,2026-02-19,NYK vs. DET,21,11,4
Keldon Johnson,2025-26,2026-02-19,SAS vs. PHX,6,2,1
OG Anunoby,2025-26,2026-02-19,NYK vs. DET,8,0,0
Jalen Brunson,2025-26,2026-02-11,NYK @ PHI,8,4,4
Stephon Castle,2025-26,2026-02-11,OKC @ PHX,28,4,5
Keldon Johnson,2025-26,2026-02-11,SAS @ GSW,21,6,2
Julius Randle,2025-26,2026-02-11,MIN vs. POR,41,7,2
De'Aaron Fox,2025-26,2026-02-11,SAS @ GSW,27,0,8
Josh Hart,2025-26,2026-02-11,NYK @ PHI,6,7,9
Karl-Anthony Towns,2025-26,2026-02-11,NYK @ PHI,21,11,5
Victor Wembanyama,2025-26,2026-02-11,SAS @ GSW,26,9,4
Devin Vassell,2025-26,2026-02-11,SAS @ GSW,8,4,2
Mikal Bridges,2025-26,2026-02-11,NYK @ PHI,22,5,6
Victor Wembanyama,2025-26,2026-02-10,SAS @ LAL,40,12,2
Devin Vassell,2025-26,2026-02-10,SAS @ LAL,9,2,1
Josh Hart,2025-26,2026-02-10,NYK vs. IND,15,11,11
Mikal Bridges,2025-26,2026-02-10,NYK vs. IND,22,6,3
Jalen Brunson,2025-26,2026-02-10,NYK vs. IND,40,5,8
Keldon Johnson,2025-26,2026-02-10,SAS @ LAL,6,4,2
De'Aaron Fox,2025-26,2026-02-10,SAS @ LAL,8,2,6
Karl-Anthony Towns,2025-26,2026-02-10,NYK vs. IND,22,14,3
Stephon Castle,2025-26,2026-02-09,OKC @ LAL,23,3,1
Julius Randle,2025-26,2026-02-09,MIN vs. ATL,18,12,10
Josh Hart,2025-26,2026-02-08,NYK @ BOS,19,6,3
Mikal Bridges,2025-26,2026-02-08,NYK @ BOS,14,4,1
Julius Randle,2025-26,2026-02-08,MIN vs. LAC,17,8,2
Karl-Anthony Towns,2025-26,2026-02-08,NYK @ BOS,11,10,1
Jalen Brunson,2025-26,2026-02-08,NYK @ BOS,31,3,8
De'Aaron Fox,2025-26,2026-02-07,SAS vs. DAL,15,2,5
Devin Vassell,2025-26,2026-02-07,SAS vs. DAL,17,4,6
Victor Wembanyama,2025-26,2026-02-07,SAS vs. DAL,16,11,1
Keldon Johnson,2025-26,2026-02-07,SAS vs. DAL,8,4,0
Jalen Brunson,2025-26,2026-02-06,NYK @ DET,12,4,4
Julius Randle,2025-26,2026-02-06,MIN vs. NOP,24,8,7
Josh Hart,2025-26,2026-02-06,NYK @ DET,5,6,2
Mikal Bridges,2025-26,2026-02-06,NYK @ DET,19,1,2
Keldon Johnson,2025-26,2026-02-05,SAS @ DAL,12,6,4
De'Aaron Fox,2025-26,2026-02-05,SAS @ DAL,17,3,7
Devin Vassell,2025-26,2026-02-05,SAS @ DAL,12,7,3
Victor Wembanyama,2025-26,2026-02-05,SAS @ DAL,29,11,6
Jalen Brunson,2025-26,2026-02-04,NYK vs. DEN,42,8,9
Mikal Bridges,2025-26,2026-02-04,NYK vs. DEN,5,4,4
OG Anunoby,2025-26,2026-02-04,NYK vs. DEN,20,8,4
Devin Vassell,2025-26,2026-02-04,SAS vs. OKC,5,3,0
Keldon Johnson,2025-26,2026-02-04,SAS vs. OKC,25,6,2
Victor Wembanyama,2025-26,2026-02-04,SAS vs. OKC,22,14,2
Karl-Anthony Towns,2025-26,2026-02-04,NYK vs. DEN,24,12,1
Julius Randle,2025-26,2026-02-04,MIN @ TOR,17,4,4
De'Aaron Fox,2025-26,2026-02-04,SAS vs. OKC,15,4,10
Josh Hart,2025-26,2026-02-03,NYK @ WAS,4,7,7
Jalen Brunson,2025-26,2026-02-03,NYK @ WAS,21,1,4
Karl-Anthony Towns,2025-26,2026-02-03,NYK @ WAS,19,15,3
OG Anunoby,2025-26,2026-02-03,NYK @ WAS,19,4,2
Mikal Bridges,2025-26,2026-02-03,NYK @ WAS,23,4,5
Julius Randle,2025-26,2026-02-02,MIN @ MEM,19,8,8
De'Aaron Fox,2025-26,2026-02-01,SAS vs. ORL,14,3,10
Keldon Johnson,2025-26,2026-02-01,SAS vs. ORL,14,10,1
Mikal Bridges,2025-26,2026-02-01,NYK vs. LAL,10,0,2
Jalen Brunson,2025-26,2026-02-01,NYK vs. LAL,12,7,13
Devin Vassell,2025-26,2026-02-01,SAS vs. ORL,16,2,3
Josh Hart,2025-26,2026-02-01,NYK vs. LAL,20,4,2
Victor Wembanyama,2025-26,2026-02-01,SAS vs. ORL,25,8,2
Karl-Anthony Towns,2025-26,2026-02-01,NYK vs. LAL,11,13,4
OG Anunoby,2025-26,2026-02-01,NYK vs. LAL,25,8,3
De'Aaron Fox,2025-26,2026-01-31,SAS @ CHA,11,2,7
Devin Vassell,2025-26,2026-01-31,SAS @ CHA,13,5,2
Keldon Johnson,2025-26,2026-01-31,SAS @ CHA,6,2,1
Julius Randle,2025-26,2026-01-31,MIN @ MEM,27,7,7
Victor Wembanyama,2025-26,2026-01-31,SAS @ CHA,16,8,1
Karl-Anthony Towns,2025-26,2026-01-30,NYK vs. POR,14,20,3
Jalen Brunson,2025-26,2026-01-30,NYK vs. POR,26,1,3
Mikal Bridges,2025-26,2026-01-30,NYK vs. POR,10,2,5
Josh Hart,2025-26,2026-01-30,NYK vs. POR,20,6,5
OG Anunoby,2025-26,2026-01-30,NYK vs. POR,24,6,3
Julius Randle,2025-26,2026-01-29,MIN vs. OKC,13,5,5
Victor Wembanyama,2025-26,2026-01-28,SAS @ HOU,28,16,3
Keldon Johnson,2025-26,2026-01-28,SAS @ HOU,17,7,5
Karl-Anthony Towns,2025-26,2026-01-28,NYK @ TOR,8,22,2
Mikal Bridges,2025-26,2026-01-28,NYK @ TOR,30,1,4
De'Aaron Fox,2025-26,2026-01-28,SAS @ HOU,18,5,8
Julius Randle,2025-26,2026-01-28,MIN @ DAL,31,5,4
Josh Hart,2025-26,2026-01-28,NYK @ TOR,22,5,6
Jalen Brunson,2025-26,2026-01-28,NYK @ TOR,13,1,4
OG Anunoby,2025-26,2026-01-28,NYK @ TOR,26,3,5
Devin Vassell,2025-26,2026-01-28,SAS @ HOU,5,1,0
Jalen Brunson,2025-26,2026-01-27,NYK vs. SAC,28,3,4
Mikal Bridges,2025-26,2026-01-27,NYK vs. SAC,18,3,5
Josh Hart,2025-26,2026-01-27,NYK vs. SAC,7,9,4
OG Anunoby,2025-26,2026-01-27,NYK vs. SAC,15,2,0
Karl-Anthony Towns,2025-26,2026-01-27,NYK vs. SAC,17,11,4
Julius Randle,2025-26,2026-01-26,MIN vs. GSW,18,7,2
Devin Vassell,2025-26,2026-01-25,SAS vs. NOP,13,1,1
Victor Wembanyama,2025-26,2026-01-25,SAS vs. NOP,16,16,0
Julius Randle,2025-26,2026-01-25,MIN vs. GSW,11,5,6
Keldon Johnson,2025-26,2026-01-25,SAS vs. NOP,15,2,1
De'Aaron Fox,2025-26,2026-01-25,SAS vs. NOP,12,2,7
Jalen Brunson,2025-26,2026-01-24,NYK @ PHI,31,5,6
OG Anunoby,2025-26,2026-01-24,NYK @ PHI,23,7,4
Mikal Bridges,2025-26,2026-01-24,NYK @ PHI,9,3,4
Josh Hart,2025-26,2026-01-24,NYK @ PHI,10,13,7
Karl-Anthony Towns,2025-26,2026-01-24,NYK @ PHI,10,6,1
Keldon Johnson,2025-26,2026-01-22,SAS @ UTA,21,1,5
Julius Randle,2025-26,2026-01-22,MIN vs. CHI,30,7,6
De'Aaron Fox,2025-26,2026-01-22,SAS @ UTA,31,5,5
Victor Wembanyama,2025-26,2026-01-22,SAS @ UTA,26,14,3
Mikal Bridges,2025-26,2026-01-21,NYK vs. BKN,11,4,4
Josh Hart,2025-26,2026-01-21,NYK vs. BKN,11,9,3
Karl-Anthony Towns,2025-26,2026-01-21,NYK vs. BKN,14,8,3
Jalen Brunson,2025-26,2026-01-21,NYK vs. BKN,20,4,5
OG Anunoby,2025-26,2026-01-21,NYK vs. BKN,5,5,3
Julius Randle,2025-26,2026-01-20,MIN @ UTA,19,2,3
Keldon Johnson,2025-26,2026-01-20,SAS @ HOU,12,6,0
De'Aaron Fox,2025-26,2026-01-20,SAS @ HOU,14,3,5
Victor Wembanyama,2025-26,2026-01-20,SAS @ HOU,14,10,2
Mikal Bridges,2025-26,2026-01-19,NYK vs. DAL,7,3,3
Victor Wembanyama,2025-26,2026-01-19,SAS vs. UTA,33,10,1
Josh Hart,2025-26,2026-01-19,NYK vs. DAL,8,6,3
OG Anunoby,2025-26,2026-01-19,NYK vs. DAL,9,6,2
Jalen Brunson,2025-26,2026-01-19,NYK vs. DAL,22,0,6
Keldon Johnson,2025-26,2026-01-19,SAS vs. UTA,2,3,2
De'Aaron Fox,2025-26,2026-01-19,SAS vs. UTA,14,5,8
Karl-Anthony Towns,2025-26,2026-01-19,NYK vs. DAL,22,18,4
Keldon Johnson,2025-26,2026-01-17,SAS vs. MIN,20,1,2
Victor Wembanyama,2025-26,2026-01-17,SAS vs. MIN,39,9,3
Stephon Castle,2025-26,2026-01-17,OKC @ MIA,8,3,3
OG Anunoby,2025-26,2026-01-17,NYK vs. PHX,21,8,5
Mikal Bridges,2025-26,2026-01-17,NYK vs. PHX,15,3,1
Julius Randle,2025-26,2026-01-17,MIN @ SAS,17,10,1
Karl-Anthony Towns,2025-26,2026-01-17,NYK vs. PHX,23,11,2
De'Aaron Fox,2025-26,2026-01-17,SAS vs. MIN,25,3,12
Julius Randle,2025-26,2026-01-16,MIN @ HOU,39,4,2
De'Aaron Fox,2025-26,2026-01-15,SAS vs. MIL,18,4,4
OG Anunoby,2025-26,2026-01-15,NYK @ GSW,25,4,1
Josh Hart,2025-26,2026-01-15,NYK @ GSW,5,5,10
Stephon Castle,2025-26,2026-01-15,OKC @ HOU,6,5,10
Karl-Anthony Towns,2025-26,2026-01-15,NYK @ GSW,17,20,2
Mikal Bridges,2025-26,2026-01-15,NYK @ GSW,21,1,3
Victor Wembanyama,2025-26,2026-01-15,SAS vs. MIL,22,10,1
Keldon Johnson,2025-26,2026-01-15,SAS vs. MIL,7,8,2
OG Anunoby,2025-26,2026-01-14,NYK @ SAC,15,3,4
Josh Hart,2025-26,2026-01-14,NYK @ SAC,10,5,5
Jalen Brunson,2025-26,2026-01-14,NYK @ SAC,4,0,0
Karl-Anthony Towns,2025-26,2026-01-14,NYK @ SAC,13,4,1
Mikal Bridges,2025-26,2026-01-14,NYK @ SAC,19,3,1
Keldon Johnson,2025-26,2026-01-13,SAS @ OKC,9,3,0
Victor Wembanyama,2025-26,2026-01-13,SAS @ OKC,17,7,1
Stephon Castle,2025-26,2026-01-13,OKC vs. SAS,20,0,3
Julius Randle,2025-26,2026-01-13,MIN @ MIL,29,8,6
De'Aaron Fox,2025-26,2026-01-13,SAS @ OKC,14,5,5
Stephon Castle,2025-26,2026-01-11,OKC vs. MIA,18,4,4
Julius Randle,2025-26,2026-01-11,MIN vs. SAS,15,8,4
Josh Hart,2025-26,2026-01-11,NYK @ POR,18,3,6
Karl-Anthony Towns,2025-26,2026-01-11,NYK @ POR,20,11,3
De'Aaron Fox,2025-26,2026-01-11,SAS @ MIN,12,8,4
Jalen Brunson,2025-26,2026-01-11,NYK @ POR,26,6,8
Keldon Johnson,2025-26,2026-01-11,SAS @ MIN,15,2,0
Mikal Bridges,2025-26,2026-01-11,NYK @ POR,18,6,6
OG Anunoby,2025-26,2026-01-11,NYK @ POR,24,7,3
Victor Wembanyama,2025-26,2026-01-11,SAS @ MIN,29,7,1
Julius Randle,2025-26,2026-01-10,MIN @ CLE,20,4,4
Keldon Johnson,2025-26,2026-01-10,SAS @ BOS,18,10,1
De'Aaron Fox,2025-26,2026-01-10,SAS @ BOS,21,9,6
Victor Wembanyama,2025-26,2026-01-10,SAS @ BOS,21,6,1
Mikal Bridges,2025-26,2026-01-09,NYK @ PHX,11,8,4
Jalen Brunson,2025-26,2026-01-09,NYK @ PHX,27,3,5
OG Anunoby,2025-26,2026-01-09,NYK @ PHX,15,8,3
Stephon Castle,2025-26,2026-01-09,OKC @ MEM,26,5,10
Karl-Anthony Towns,2025-26,2026-01-09,NYK @ PHX,15,12,5
Julius Randle,2025-26,2026-01-08,MIN vs. CLE,28,11,8
Keldon Johnson,2025-26,2026-01-07,SAS vs. LAL,27,6,0
Stephon Castle,2025-26,2026-01-07,OKC vs. UTA,17,6,8
Victor Wembanyama,2025-26,2026-01-07,SAS vs. LAL,16,14,2
Karl-Anthony Towns,2025-26,2026-01-07,NYK vs. LAC,20,11,7
De'Aaron Fox,2025-26,2026-01-07,SAS vs. LAL,14,3,5
OG Anunoby,2025-26,2026-01-07,NYK vs. LAC,20,3,0
Jalen Brunson,2025-26,2026-01-07,NYK vs. LAC,26,3,7
Mikal Bridges,2025-26,2026-01-07,NYK vs. LAC,15,9,5
Victor Wembanyama,2025-26,2026-01-06,SAS @ MEM,30,5,3
Julius Randle,2025-26,2026-01-06,MIN vs. MIA,15,11,5
Keldon Johnson,2025-26,2026-01-06,SAS @ MEM,13,5,0
De'Aaron Fox,2025-26,2026-01-06,SAS @ MEM,9,5,8
Jalen Brunson,2025-26,2026-01-05,NYK @ DET,25,3,0
Mikal Bridges,2025-26,2026-01-05,NYK @ DET,10,0,1
OG Anunoby,2025-26,2026-01-05,NYK @ DET,5,2,1
Karl-Anthony Towns,2025-26,2026-01-05,NYK @ DET,6,1,1
Stephon Castle,2025-26,2026-01-05,OKC vs. CHA,16,2,4
Julius Randle,2025-26,2026-01-04,MIN @ WAS,22,3,4
Stephon Castle,2025-26,2026-01-04,OKC @ PHX,23,4,7
De'Aaron Fox,2025-26,2026-01-03,SAS vs. POR,19,6,4
OG Anunoby,2025-26,2026-01-03,NYK vs. PHI,19,6,6
Keldon Johnson,2025-26,2026-01-03,SAS vs. POR,5,8,1
Julius Randle,2025-26,2026-01-03,MIN @ MIA,23,10,4
Mikal Bridges,2025-26,2026-01-03,NYK vs. PHI,12,5,6
Jalen Brunson,2025-26,2026-01-03,NYK vs. PHI,31,4,4
Karl-Anthony Towns,2025-26,2026-01-03,NYK vs. PHI,23,14,2
De'Aaron Fox,2025-26,2026-01-02,SAS @ IND,24,7,4
OG Anunoby,2025-26,2026-01-02,NYK vs. ATL,19,10,1
Keldon Johnson,2025-26,2026-01-02,SAS @ IND,16,6,1
Jalen Brunson,2025-26,2026-01-02,NYK vs. ATL,24,2,5
Stephon Castle,2025-26,2026-01-02,OKC @ GSW,12,6,2
Mikal Bridges,2025-26,2026-01-02,NYK vs. ATL,18,5,5
Karl-Anthony Towns,2025-26,2025-12-31,NYK @ SAS,20,7,4
OG Anunoby,2025-26,2025-12-31,NYK @ SAS,9,5,2
Keldon Johnson,2025-26,2025-12-31,SAS vs. NYK,19,8,0
De'Aaron Fox,2025-26,2025-12-31,SAS vs. NYK,26,1,7
Jalen Brunson,2025-26,2025-12-31,NYK @ SAS,29,4,8
Victor Wembanyama,2025-26,2025-12-31,SAS vs. NYK,31,13,1
Julius Randle,2025-26,2025-12-31,MIN @ ATL,19,7,2
Stephon Castle,2025-26,2025-12-31,OKC vs. POR,13,7,7
Mikal Bridges,2025-26,2025-12-31,NYK @ SAS,13,5,3
Karl-Anthony Towns,2025-26,2025-12-29,NYK @ NOP,12,12,4
Devin Vassell,2025-26,2025-12-29,SAS vs. CLE,7,4,0
Mikal Bridges,2025-26,2025-12-29,NYK @ NOP,6,5,10
Keldon Johnson,2025-26,2025-12-29,SAS vs. CLE,8,3,0
OG Anunoby,2025-26,2025-12-29,NYK @ NOP,23,11,1
De'Aaron Fox,2025-26,2025-12-29,SAS vs. CLE,14,2,3
Julius Randle,2025-26,2025-12-29,MIN @ CHI,17,5,14
Jalen Brunson,2025-26,2025-12-29,NYK @ NOP,28,3,10
Stephon Castle,2025-26,2025-12-29,OKC vs. ATL,20,8,7
Victor Wembanyama,2025-26,2025-12-29,SAS vs. CLE,26,14,3
Stephon Castle,2025-26,2025-12-28,OKC vs. PHI,14,4,6
Karl-Anthony Towns,2025-26,2025-12-27,NYK @ ATL,36,15,1
OG Anunoby,2025-26,2025-12-27,NYK @ ATL,15,10,5
Jalen Brunson,2025-26,2025-12-27,NYK @ ATL,34,3,5
Keldon Johnson,2025-26,2025-12-27,SAS vs. UTA,27,10,1
Julius Randle,2025-26,2025-12-27,MIN vs. BKN,13,3,11
Mikal Bridges,2025-26,2025-12-27,NYK @ ATL,14,3,8
Victor Wembanyama,2025-26,2025-12-27,SAS vs. UTA,32,7,3
Devin Vassell,2025-26,2025-12-27,SAS vs. UTA,11,3,3
OG Anunoby,2025-26,2025-12-25,NYK vs. CLE,8,2,2
Julius Randle,2025-26,2025-12-25,MIN @ DEN,32,7,6
Karl-Anthony Towns,2025-26,2025-12-25,NYK vs. CLE,11,14,1
Mikal Bridges,2025-26,2025-12-25,NYK vs. CLE,12,3,4
De'Aaron Fox,2025-26,2025-12-25,SAS @ OKC,29,4,3
Keldon Johnson,2025-26,2025-12-25,SAS @ OKC,9,7,0
Stephon Castle,2025-26,2025-12-25,OKC vs. SAS,12,2,6
Josh Hart,2025-26,2025-12-25,NYK vs. CLE,15,5,3
Victor Wembanyama,2025-26,2025-12-25,SAS @ OKC,19,11,2
Jalen Brunson,2025-26,2025-12-25,NYK vs. CLE,34,1,4
Devin Vassell,2025-26,2025-12-25,SAS @ OKC,5,4,2
Keldon Johnson,2025-26,2025-12-23,SAS vs. OKC,25,1,1
Josh Hart,2025-26,2025-12-23,NYK @ MIN,12,15,8
Devin Vassell,2025-26,2025-12-23,SAS vs. OKC,17,5,1
Victor Wembanyama,2025-26,2025-12-23,SAS vs. OKC,12,5,3
Mikal Bridges,2025-26,2025-12-23,NYK @ MIN,15,3,0
De'Aaron Fox,2025-26,2025-12-23,SAS vs. OKC,6,3,9
Karl-Anthony Towns,2025-26,2025-12-23,NYK @ MIN,40,13,1
Stephon Castle,2025-26,2025-12-23,OKC @ SAS,17,6,8
Julius Randle,2025-26,2025-12-23,MIN vs. NYK,25,6,3
Stephon Castle,2025-26,2025-12-22,OKC vs. MEM,24,6,2
Mikal Bridges,2025-26,2025-12-21,NYK vs. MIA,24,2,4
Jalen Brunson,2025-26,2025-12-21,NYK vs. MIA,47,3,8
Julius Randle,2025-26,2025-12-21,MIN vs. MIL,12,7,2
Josh Hart,2025-26,2025-12-21,NYK vs. MIA,13,10,5
De'Aaron Fox,2025-26,2025-12-21,SAS @ WAS,27,7,6
Karl-Anthony Towns,2025-26,2025-12-21,NYK vs. MIA,2,6,2
Victor Wembanyama,2025-26,2025-12-21,SAS @ WAS,14,12,2
OG Anunoby,2025-26,2025-12-21,NYK vs. MIA,18,2,3
Keldon Johnson,2025-26,2025-12-21,SAS @ WAS,12,9,0
Devin Vassell,2025-26,2025-12-21,SAS @ WAS,11,6,1
Josh Hart,2025-26,2025-12-19,NYK vs. PHI,5,10,6
Devin Vassell,2025-26,2025-12-19,SAS @ ATL,18,7,3
Mikal Bridges,2025-26,2025-12-19,NYK vs. PHI,21,7,5
Julius Randle,2025-26,2025-12-19,MIN vs. OKC,19,8,5
Jalen Brunson,2025-26,2025-12-19,NYK vs. PHI,22,6,9
OG Anunoby,2025-26,2025-12-19,NYK vs. PHI,2,3,1
Karl-Anthony Towns,2025-26,2025-12-19,NYK vs. PHI,22,11,1
Keldon Johnson,2025-26,2025-12-19,SAS @ ATL,13,3,2
Victor Wembanyama,2025-26,2025-12-19,SAS @ ATL,26,12,3
Stephon Castle,2025-26,2025-12-19,OKC @ MIN,17,7,2
De'Aaron Fox,2025-26,2025-12-19,SAS @ ATL,8,5,8
De'Aaron Fox,2025-26,2025-12-18,SAS vs. WAS,6,3,3
Keldon Johnson,2025-26,2025-12-18,SAS vs. WAS,9,8,1
Victor Wembanyama,2025-26,2025-12-18,SAS vs. WAS,15,8,4
Jalen Brunson,2025-26,2025-12-18,NYK @ IND,25,7,7
Mikal Bridges,2025-26,2025-12-18,NYK @ IND,22,8,5
Devin Vassell,2025-26,2025-12-18,SAS vs. WAS,18,6,3
OG Anunoby,2025-26,2025-12-18,NYK @ IND,16,6,1
Stephon Castle,2025-26,2025-12-18,OKC vs. LAC,20,1,5
Julius Randle,2025-26,2025-12-17,MIN vs. MEM,21,5,3
Julius Randle,2025-26,2025-12-14,MIN vs. SAC,24,10,3
Karl-Anthony Towns,2025-26,2025-12-13,NYK @ ORL,29,8,2
Jalen Brunson,2025-26,2025-12-13,NYK @ ORL,40,4,8
Devin Vassell,2025-26,2025-12-13,SAS @ OKC,23,5,4
OG Anunoby,2025-26,2025-12-13,NYK @ ORL,24,6,4
Mikal Bridges,2025-26,2025-12-13,NYK @ ORL,16,3,3
Victor Wembanyama,2025-26,2025-12-13,SAS @ OKC,22,9,2
De'Aaron Fox,2025-26,2025-12-13,SAS @ OKC,22,2,4
Josh Hart,2025-26,2025-12-13,NYK @ ORL,12,6,6
Stephon Castle,2025-26,2025-12-13,OKC vs. SAS,17,7,4
Keldon Johnson,2025-26,2025-12-13,SAS @ OKC,3,6,0
Julius Randle,2025-26,2025-12-12,MIN @ GSW,27,9,6
Keldon Johnson,2025-26,2025-12-10,SAS @ LAL,17,8,0
Devin Vassell,2025-26,2025-12-10,SAS @ LAL,8,4,5
Stephon Castle,2025-26,2025-12-10,OKC vs. PHX,15,5,5
De'Aaron Fox,2025-26,2025-12-10,SAS @ LAL,20,4,3
Mikal Bridges,2025-26,2025-12-09,NYK @ TOR,15,5,4
Jalen Brunson,2025-26,2025-12-09,NYK @ TOR,35,3,4
Josh Hart,2025-26,2025-12-09,NYK @ TOR,21,6,4
Karl-Anthony Towns,2025-26,2025-12-09,NYK @ TOR,14,16,1
OG Anunoby,2025-26,2025-12-09,NYK @ TOR,13,6,1
De'Aaron Fox,2025-26,2025-12-08,SAS @ NOP,14,4,7
Devin Vassell,2025-26,2025-12-08,SAS @ NOP,5,3,3
Julius Randle,2025-26,2025-12-08,MIN vs. PHX,21,3,8
Keldon Johnson,2025-26,2025-12-08,SAS @ NOP,12,6,2
Stephon Castle,2025-26,2025-12-07,OKC @ UTA,25,3,8
Josh Hart,2025-26,2025-12-07,NYK vs. ORL,17,12,1
Mikal Bridges,2025-26,2025-12-07,NYK vs. ORL,12,6,7
OG Anunoby,2025-26,2025-12-07,NYK vs. ORL,21,7,0
Jalen Brunson,2025-26,2025-12-07,NYK vs. ORL,30,2,9
Julius Randle,2025-26,2025-12-06,MIN vs. LAC,24,3,6
Josh Hart,2025-26,2025-12-05,NYK vs. UTA,8,6,6
Keldon Johnson,2025-26,2025-12-05,SAS @ CLE,14,7,0
De'Aaron Fox,2025-26,2025-12-05,SAS @ CLE,25,5,9
Stephon Castle,2025-26,2025-12-05,OKC vs. DAL,15,8,5
Jalen Brunson,2025-26,2025-12-05,NYK vs. UTA,33,2,4
Mikal Bridges,2025-26,2025-12-05,NYK vs. UTA,10,5,3
Devin Vassell,2025-26,2025-12-05,SAS @ CLE,28,3,3
OG Anunoby,2025-26,2025-12-05,NYK vs. UTA,11,0,1
Karl-Anthony Towns,2025-26,2025-12-05,NYK vs. UTA,18,9,4
Julius Randle,2025-26,2025-12-04,MIN @ NOP,28,9,3
Josh Hart,2025-26,2025-12-03,NYK vs. CHA,15,8,8
De'Aaron Fox,2025-26,2025-12-03,SAS @ ORL,31,5,5
Devin Vassell,2025-26,2025-12-03,SAS @ ORL,15,6,1
Mikal Bridges,2025-26,2025-12-03,NYK vs. CHA,16,4,2
Karl-Anthony Towns,2025-26,2025-12-03,NYK vs. CHA,35,18,5
Jalen Brunson,2025-26,2025-12-03,NYK vs. CHA,26,2,5
Keldon Johnson,2025-26,2025-12-03,SAS @ ORL,13,4,1
Keldon Johnson,2025-26,2025-12-02,SAS vs. MEM,11,6,4
Mikal Bridges,2025-26,2025-12-02,NYK @ BOS,35,6,3
Karl-Anthony Towns,2025-26,2025-12-02,NYK @ BOS,29,7,2
Julius Randle,2025-26,2025-12-02,MIN @ NOP,16,5,6
Josh Hart,2025-26,2025-12-02,NYK @ BOS,19,7,4
De'Aaron Fox,2025-26,2025-12-02,SAS vs. MEM,29,4,4
Stephon Castle,2025-26,2025-12-02,OKC @ GSW,22,3,6
Devin Vassell,2025-26,2025-12-02,SAS vs. MEM,12,5,2
Jalen Brunson,2025-26,2025-12-02,NYK @ BOS,15,2,11
Julius Randle,2025-26,2025-11-30,MIN vs. SAS,22,6,12
Josh Hart,2025-26,2025-11-30,NYK vs. TOR,20,12,7
Devin Vassell,2025-26,2025-11-30,SAS @ MIN,22,1,3
Karl-Anthony Towns,2025-26,2025-11-30,NYK vs. TOR,22,8,2
Mikal Bridges,2025-26,2025-11-30,NYK vs. TOR,14,3,3
Stephon Castle,2025-26,2025-11-30,OKC @ POR,16,8,5
Jalen Brunson,2025-26,2025-11-30,NYK vs. TOR,18,6,7
De'Aaron Fox,2025-26,2025-11-30,SAS @ MIN,25,2,4
Keldon Johnson,2025-26,2025-11-30,SAS @ MIN,22,8,2
Julius Randle,2025-26,2025-11-29,MIN vs. BOS,16,9,6
Devin Vassell,2025-26,2025-11-28,SAS @ DEN,35,3,2
De'Aaron Fox,2025-26,2025-11-28,SAS @ DEN,15,1,12
Mikal Bridges,2025-26,2025-11-28,NYK vs. MIL,14,4,2
Karl-Anthony Towns,2025-26,2025-11-28,NYK vs. MIL,9,10,4
Stephon Castle,2025-26,2025-11-28,OKC vs. PHX,11,4,8
Josh Hart,2025-26,2025-11-28,NYK vs. MIL,19,15,7
Keldon Johnson,2025-26,2025-11-28,SAS @ DEN,14,8,2
Jalen Brunson,2025-26,2025-11-28,NYK vs. MIL,37,1,5
Julius Randle,2025-26,2025-11-26,MIN @ OKC,10,8,4
Jalen Brunson,2025-26,2025-11-26,NYK @ CHA,33,2,3
De'Aaron Fox,2025-26,2025-11-26,SAS @ POR,37,6,8
Karl-Anthony Towns,2025-26,2025-11-26,NYK @ CHA,19,10,3
Josh Hart,2025-26,2025-11-26,NYK @ CHA,22,8,7
Keldon Johnson,2025-26,2025-11-26,SAS @ POR,11,10,2
Devin Vassell,2025-26,2025-11-26,SAS @ POR,23,6,0
Mikal Bridges,2025-26,2025-11-26,NYK @ CHA,18,5,3
Jalen Brunson,2025-26,2025-11-24,NYK @ BKN,27,3,3
Mikal Bridges,2025-26,2025-11-24,NYK @ BKN,16,4,4
Josh Hart,2025-26,2025-11-24,NYK @ BKN,7,12,7
Karl-Anthony Towns,2025-26,2025-11-24,NYK @ BKN,37,12,3
Julius Randle,2025-26,2025-11-24,MIN @ SAC,17,10,5
De'Aaron Fox,2025-26,2025-11-23,SAS @ PHX,26,5,3
Keldon Johnson,2025-26,2025-11-23,SAS @ PHX,14,6,2
Devin Vassell,2025-26,2025-11-23,SAS @ PHX,17,4,2
Karl-Anthony Towns,2025-26,2025-11-22,NYK @ ORL,24,8,3
Mikal Bridges,2025-26,2025-11-22,NYK @ ORL,18,7,2
Josh Hart,2025-26,2025-11-22,NYK @ ORL,12,5,2
Jalen Brunson,2025-26,2025-11-22,NYK @ ORL,33,3,11
Julius Randle,2025-26,2025-11-21,MIN @ PHX,20,5,2
Keldon Johnson,2025-26,2025-11-20,SAS vs. ATL,25,7,2
Devin Vassell,2025-26,2025-11-20,SAS vs. ATL,15,5,3
De'Aaron Fox,2025-26,2025-11-20,SAS vs. ATL,26,5,9
Josh Hart,2025-26,2025-11-19,NYK @ DAL,16,10,5
Karl-Anthony Towns,2025-26,2025-11-19,NYK @ DAL,18,14,6
Mikal Bridges,2025-26,2025-11-19,NYK @ DAL,16,5,6
Jalen Brunson,2025-26,2025-11-19,NYK @ DAL,28,3,5
Julius Randle,2025-26,2025-11-19,MIN vs. WAS,32,10,6
Devin Vassell,2025-26,2025-11-18,SAS vs. MEM,10,3,5
Keldon Johnson,2025-26,2025-11-18,SAS vs. MEM,18,7,2
De'Aaron Fox,2025-26,2025-11-18,SAS vs. MEM,26,1,3
Karl-Anthony Towns,2025-26,2025-11-17,NYK @ MIA,22,15,2
Mikal Bridges,2025-26,2025-11-17,NYK @ MIA,23,3,4
Josh Hart,2025-26,2025-11-17,NYK @ MIA,14,5,9
Julius Randle,2025-26,2025-11-17,MIN vs. DAL,12,6,4
De'Aaron Fox,2025-26,2025-11-16,SAS vs. SAC,28,2,11
Keldon Johnson,2025-26,2025-11-16,SAS vs. SAC,14,12,1
Devin Vassell,2025-26,2025-11-16,SAS vs. SAC,16,3,7
Julius Randle,2025-26,2025-11-15,MIN vs. DEN,26,6,8
Julius Randle,2025-26,2025-11-14,MIN vs. SAC,26,11,5
Mikal Bridges,2025-26,2025-11-14,NYK vs. MIA,15,5,5
Keldon Johnson,2025-26,2025-11-14,SAS vs. GSW,4,5,3
Josh Hart,2025-26,2025-11-14,NYK vs. MIA,12,11,10
Devin Vassell,2025-26,2025-11-14,SAS vs. GSW,11,3,2
OG Anunoby,2025-26,2025-11-14,NYK vs. MIA,2,3,0
Karl-Anthony Towns,2025-26,2025-11-14,NYK vs. MIA,39,11,4
De'Aaron Fox,2025-26,2025-11-14,SAS vs. GSW,24,4,10
Victor Wembanyama,2025-26,2025-11-14,SAS vs. GSW,26,12,4
Keldon Johnson,2025-26,2025-11-12,SAS vs. GSW,6,9,1
Josh Hart,2025-26,2025-11-12,NYK vs. ORL,10,3,2
Victor Wembanyama,2025-26,2025-11-12,SAS vs. GSW,31,15,10
Karl-Anthony Towns,2025-26,2025-11-12,NYK vs. ORL,15,12,4
Mikal Bridges,2025-26,2025-11-12,NYK vs. ORL,6,2,2
OG Anunoby,2025-26,2025-11-12,NYK vs. ORL,8,4,1
De'Aaron Fox,2025-26,2025-11-12,SAS vs. GSW,13,5,5
Jalen Brunson,2025-26,2025-11-12,NYK vs. ORL,31,3,6
Devin Vassell,2025-26,2025-11-12,SAS vs. GSW,15,2,1
OG Anunoby,2025-26,2025-11-11,NYK vs. MEM,16,4,3
Karl-Anthony Towns,2025-26,2025-11-11,NYK vs. MEM,21,13,4
Josh Hart,2025-26,2025-11-11,NYK vs. MEM,8,4,8
Mikal Bridges,2025-26,2025-11-11,NYK vs. MEM,22,7,5
Jalen Brunson,2025-26,2025-11-11,NYK vs. MEM,32,5,10
Devin Vassell,2025-26,2025-11-10,SAS @ CHI,4,4,0
De'Aaron Fox,2025-26,2025-11-10,SAS @ CHI,21,4,5
Keldon Johnson,2025-26,2025-11-10,SAS @ CHI,10,7,1
Julius Randle,2025-26,2025-11-10,MIN @ UTA,27,8,7
Victor Wembanyama,2025-26,2025-11-10,SAS @ CHI,38,12,5
OG Anunoby,2025-26,2025-11-09,NYK vs. BKN,19,8,3
Jalen Brunson,2025-26,2025-11-09,NYK vs. BKN,19,0,7
Mikal Bridges,2025-26,2025-11-09,NYK vs. BKN,16,1,5
Karl-Anthony Towns,2025-26,2025-11-09,NYK vs. BKN,28,12,2
Julius Randle,2025-26,2025-11-09,MIN @ SAC,19,6,4
Josh Hart,2025-26,2025-11-09,NYK vs. BKN,11,7,2
De'Aaron Fox,2025-26,2025-11-08,SAS vs. NOP,24,3,3
Devin Vassell,2025-26,2025-11-08,SAS vs. NOP,16,2,0
Keldon Johnson,2025-26,2025-11-08,SAS vs. NOP,12,8,4
Victor Wembanyama,2025-26,2025-11-08,SAS vs. NOP,18,18,3
Victor Wembanyama,2025-26,2025-11-07,SAS vs. HOU,22,8,4
Devin Vassell,2025-26,2025-11-07,SAS vs. HOU,15,3,3
Julius Randle,2025-26,2025-11-07,MIN vs. UTA,19,10,12
Keldon Johnson,2025-26,2025-11-07,SAS vs. HOU,8,6,4
Jalen Brunson,2025-26,2025-11-05,NYK vs. MIN,23,7,10
Mikal Bridges,2025-26,2025-11-05,NYK vs. MIN,13,1,5
Devin Vassell,2025-26,2025-11-05,SAS @ LAL,15,3,4
Karl-Anthony Towns,2025-26,2025-11-05,NYK vs. MIN,15,10,4
Josh Hart,2025-26,2025-11-05,NYK vs. MIN,18,5,4
OG Anunoby,2025-26,2025-11-05,NYK vs. MIN,25,8,1
Julius Randle,2025-26,2025-11-05,MIN @ NYK,32,5,4
Keldon Johnson,2025-26,2025-11-05,SAS @ LAL,12,1,1
Victor Wembanyama,2025-26,2025-11-05,SAS @ LAL,19,8,3
Josh Hart,2025-26,2025-11-03,NYK vs. WAS,12,10,5
Karl-Anthony Towns,2025-26,2025-11-03,NYK vs. WAS,33,13,5
Mikal Bridges,2025-26,2025-11-03,NYK vs. WAS,10,2,4
Jalen Brunson,2025-26,2025-11-03,NYK vs. WAS,16,1,9
OG Anunoby,2025-26,2025-11-03,NYK vs. WAS,16,6,2
Julius Randle,2025-26,2025-11-03,MIN @ BKN,19,11,10
OG Anunoby,2025-26,2025-11-02,NYK vs. CHI,21,2,4
Mikal Bridges,2025-26,2025-11-02,NYK vs. CHI,10,5,9
Jalen Brunson,2025-26,2025-11-02,NYK vs. CHI,31,5,3
Devin Vassell,2025-26,2025-11-02,SAS @ PHX,4,3,2
Karl-Anthony Towns,2025-26,2025-11-02,NYK vs. CHI,20,15,5
Keldon Johnson,2025-26,2025-11-02,SAS @ PHX,19,3,2
Victor Wembanyama,2025-26,2025-11-02,SAS @ PHX,9,9,2
Josh Hart,2025-26,2025-11-02,NYK vs. CHI,14,9,3
Julius Randle,2025-26,2025-11-01,MIN @ CHA,30,7,4
OG Anunoby,2025-26,2025-10-31,NYK @ CHI,26,4,3
Jalen Brunson,2025-26,2025-10-31,NYK @ CHI,29,2,7
Josh Hart,2025-26,2025-10-31,NYK @ CHI,0,1,1
Mikal Bridges,2025-26,2025-10-31,NYK @ CHI,23,4,6
Karl-Anthony Towns,2025-26,2025-10-31,NYK @ CHI,22,10,4
Devin Vassell,2025-26,2025-10-30,SAS vs. MIA,17,9,1
Victor Wembanyama,2025-26,2025-10-30,SAS vs. MIA,27,18,6
Keldon Johnson,2025-26,2025-10-30,SAS vs. MIA,11,3,1
Julius Randle,2025-26,2025-10-29,MIN vs. LAL,33,5,6
Jalen Brunson,2025-26,2025-10-28,NYK @ MIL,36,4,3
Karl-Anthony Towns,2025-26,2025-10-28,NYK @ MIL,8,12,1
Mikal Bridges,2025-26,2025-10-28,NYK @ MIL,24,11,6
Josh Hart,2025-26,2025-10-28,NYK @ MIL,3,4,4
OG Anunoby,2025-26,2025-10-28,NYK @ MIL,9,6,5
Julius Randle,2025-26,2025-10-27,MIN vs. DEN,24,7,3
Devin Vassell,2025-26,2025-10-27,SAS vs. TOR,15,3,5
Keldon Johnson,2025-26,2025-10-27,SAS vs. TOR,10,5,0
Victor Wembanyama,2025-26,2025-10-27,SAS vs. TOR,24,15,4
Devin Vassell,2025-26,2025-10-26,SAS vs. BKN,16,3,1
OG Anunoby,2025-26,2025-10-26,NYK @ MIA,14,6,1
Jalen Brunson,2025-26,2025-10-26,NYK @ MIA,37,5,7
Mikal Bridges,2025-26,2025-10-26,NYK @ MIA,20,5,4
Julius Randle,2025-26,2025-10-26,MIN vs. IND,31,4,6
Karl-Anthony Towns,2025-26,2025-10-26,NYK @ MIA,15,18,2
Josh Hart,2025-26,2025-10-26,NYK @ MIA,6,5,5
Victor Wembanyama,2025-26,2025-10-26,SAS vs. BKN,31,14,4
Keldon Johnson,2025-26,2025-10-26,SAS vs. BKN,19,6,1
Keldon Johnson,2025-26,2025-10-24,SAS @ NOP,8,10,1
Victor Wembanyama,2025-26,2025-10-24,SAS @ NOP,29,11,2
Devin Vassell,2025-26,2025-10-24,SAS @ NOP,23,5,1
Josh Hart,2025-26,2025-10-24,NYK vs. BOS,2,14,3
Karl-Anthony Towns,2025-26,2025-10-24,NYK vs. BOS,26,13,3
Jalen Brunson,2025-26,2025-10-24,NYK vs. BOS,31,3,5
OG Anunoby,2025-26,2025-10-24,NYK vs. BOS,10,2,1
Mikal Bridges,2025-26,2025-10-24,NYK vs. BOS,12,6,2
Julius Randle,2025-26,2025-10-24,MIN @ LAL,26,9,6
Victor Wembanyama,2025-26,2025-10-22,SAS @ DAL,40,15,1
Mikal Bridges,2025-26,2025-10-22,NYK vs. CLE,16,5,6
OG Anunoby,2025-26,2025-10-22,NYK vs. CLE,24,14,2
Julius Randle,2025-26,2025-10-22,MIN @ POR,19,7,6
Keldon Johnson,2025-26,2025-10-22,SAS @ DAL,11,5,2
Devin Vassell,2025-26,2025-10-22,SAS @ DAL,13,3,4
Karl-Anthony Towns,2025-26,2025-10-22,NYK vs. CLE,19,11,2
Jalen Brunson,2025-26,2025-10-22,NYK vs. CLE,23,4,5
Mikal Bridges,2024-25,2025-04-13,NYK @ BKN,0,0,0
Julius Randle,2024-25,2025-04-13,MIN vs. UTA,10,10,5
Keldon Johnson,2024-25,2025-04-13,SAS vs. TOR,23,9,0
OG Anunoby,2024-25,2025-04-11,NYK vs. CLE,15,4,4
Jalen Brunson,2024-25,2025-04-11,NYK vs. CLE,27,1,2
Mikal Bridges,2024-25,2025-04-11,NYK vs. CLE,17,2,8
Josh Hart,2024-25,2025-04-11,NYK vs. CLE,8,11,5
Julius Randle,2024-25,2025-04-11,MIN vs. BKN,21,4,3
Julius Randle,2024-25,2025-04-10,MIN @ MEM,31,10,5
Karl-Anthony Towns,2024-25,2025-04-10,NYK @ DET,25,10,5
Mikal Bridges,2024-25,2025-04-10,NYK @ DET,17,2,7
Jalen Brunson,2024-25,2025-04-10,NYK @ DET,15,2,5
Keldon Johnson,2024-25,2025-04-09,SAS @ GSW,21,8,2
Devin Vassell,2024-25,2025-04-09,SAS @ GSW,11,5,3
Stephon Castle,2024-25,2025-04-09,OKC @ PHX,33,7,5
Karl-Anthony Towns,2024-25,2025-04-08,NYK vs. BOS,34,14,2
Stephon Castle,2024-25,2025-04-08,OKC vs. LAL,26,4,4
Josh Hart,2024-25,2025-04-08,NYK vs. BOS,10,11,7
Mikal Bridges,2024-25,2025-04-08,NYK vs. BOS,14,4,4
Julius Randle,2024-25,2025-04-08,MIN @ MIL,9,7,6
OG Anunoby,2024-25,2025-04-08,NYK vs. BOS,13,8,1
Jalen Brunson,2024-25,2025-04-08,NYK vs. BOS,27,1,10
Devin Vassell,2024-25,2025-04-08,SAS @ LAC,7,1,2
Keldon Johnson,2024-25,2025-04-08,SAS @ LAC,12,6,2
Stephon Castle,2024-25,2025-04-06,OKC vs. LAL,16,6,3
OG Anunoby,2024-25,2025-04-06,NYK vs. PHX,32,6,3
Josh Hart,2024-25,2025-04-06,NYK vs. PHX,7,10,5
Devin Vassell,2024-25,2025-04-06,SAS @ POR,21,7,2
Jalen Brunson,2024-25,2025-04-06,NYK vs. PHX,15,2,6
Karl-Anthony Towns,2024-25,2025-04-06,NYK vs. PHX,19,13,1
Mikal Bridges,2024-25,2025-04-06,NYK vs. PHX,22,6,4
Keldon Johnson,2024-25,2025-04-06,SAS @ POR,2,5,1
Mikal Bridges,2024-25,2025-04-05,NYK @ ATL,20,3,5
Julius Randle,2024-25,2025-04-05,MIN @ PHI,15,5,4
Karl-Anthony Towns,2024-25,2025-04-05,NYK @ ATL,30,11,3
OG Anunoby,2024-25,2025-04-05,NYK @ ATL,24,4,4
Josh Hart,2024-25,2025-04-05,NYK @ ATL,16,9,11
Stephon Castle,2024-25,2025-04-04,OKC @ HOU,33,3,4
Keldon Johnson,2024-25,2025-04-04,SAS vs. CLE,7,4,3
Devin Vassell,2024-25,2025-04-04,SAS vs. CLE,24,4,3
Julius Randle,2024-25,2025-04-03,MIN @ BKN,11,8,4
Karl-Anthony Towns,2024-25,2025-04-02,NYK @ CLE,25,13,1
Josh Hart,2024-25,2025-04-02,NYK @ CLE,19,5,4
Mikal Bridges,2024-25,2025-04-02,NYK @ CLE,8,2,3
OG Anunoby,2024-25,2025-04-02,NYK @ CLE,23,6,6
Stephon Castle,2024-25,2025-04-02,OKC vs. DET,23,5,3
OG Anunoby,2024-25,2025-04-01,NYK vs. PHI,27,5,0
Julius Randle,2024-25,2025-04-01,MIN @ DEN,26,9,7
Keldon Johnson,2024-25,2025-04-01,SAS vs. ORL,7,7,4
Mikal Bridges,2024-25,2025-04-01,NYK vs. PHI,14,2,4
Josh Hart,2024-25,2025-04-01,NYK vs. PHI,9,4,6
Devin Vassell,2024-25,2025-04-01,SAS vs. ORL,11,4,0
Stephon Castle,2024-25,2025-03-31,OKC vs. CHI,23,4,3
Karl-Anthony Towns,2024-25,2025-03-30,NYK vs. POR,10,11,2
OG Anunoby,2024-25,2025-03-30,NYK vs. POR,28,7,2
Julius Randle,2024-25,2025-03-30,MIN vs. DET,26,8,5
Josh Hart,2024-25,2025-03-30,NYK vs. POR,14,8,9
Keldon Johnson,2024-25,2025-03-30,SAS vs. GSW,19,3,2
Mikal Bridges,2024-25,2025-03-30,NYK vs. POR,28,2,7
Devin Vassell,2024-25,2025-03-30,SAS vs. GSW,12,3,3
Devin Vassell,2024-25,2025-03-29,SAS vs. BOS,14,5,3
Keldon Johnson,2024-25,2025-03-29,SAS vs. BOS,23,6,3
Stephon Castle,2024-25,2025-03-29,OKC vs. IND,18,2,6
Josh Hart,2024-25,2025-03-28,NYK @ MIL,13,14,8
Mikal Bridges,2024-25,2025-03-28,NYK @ MIL,26,3,5
OG Anunoby,2024-25,2025-03-28,NYK @ MIL,31,2,2
Karl-Anthony Towns,2024-25,2025-03-28,NYK @ MIL,14,10,1
Julius Randle,2024-25,2025-03-28,MIN vs. PHX,25,6,8
Devin Vassell,2024-25,2025-03-27,SAS @ CLE,22,3,4
Stephon Castle,2024-25,2025-03-27,OKC vs. MEM,20,5,4
Keldon Johnson,2024-25,2025-03-27,SAS @ CLE,17,10,0
Karl-Anthony Towns,2024-25,2025-03-26,NYK vs. LAC,34,14,4
Josh Hart,2024-25,2025-03-26,NYK vs. LAC,7,5,6
OG Anunoby,2024-25,2025-03-26,NYK vs. LAC,28,5,3
Mikal Bridges,2024-25,2025-03-26,NYK vs. LAC,17,4,9
Karl-Anthony Towns,2024-25,2025-03-25,NYK vs. DAL,26,12,11
Devin Vassell,2024-25,2025-03-25,SAS @ DET,26,6,1
Mikal Bridges,2024-25,2025-03-25,NYK vs. DAL,21,1,1
Josh Hart,2024-25,2025-03-25,NYK vs. DAL,16,12,11
OG Anunoby,2024-25,2025-03-25,NYK vs. DAL,35,5,1
Keldon Johnson,2024-25,2025-03-25,SAS @ DET,10,5,3
Julius Randle,2024-25,2025-03-24,MIN @ IND,9,6,2
Devin Vassell,2024-25,2025-03-23,SAS @ TOR,25,6,3
Keldon Johnson,2024-25,2025-03-23,SAS @ TOR,7,2,3
OG Anunoby,2024-25,2025-03-22,NYK vs. WAS,23,2,3
Josh Hart,2024-25,2025-03-22,NYK vs. WAS,9,12,2
Mikal Bridges,2024-25,2025-03-22,NYK vs. WAS,27,6,4
Karl-Anthony Towns,2024-25,2025-03-22,NYK vs. WAS,31,11,1
Keldon Johnson,2024-25,2025-03-21,SAS vs. PHI,18,5,3
Julius Randle,2024-25,2025-03-21,MIN vs. NOP,20,6,5
Devin Vassell,2024-25,2025-03-21,SAS vs. PHI,20,5,7
OG Anunoby,2024-25,2025-03-20,NYK @ CHA,25,6,2
Josh Hart,2024-25,2025-03-20,NYK @ CHA,13,4,6
Mikal Bridges,2024-25,2025-03-20,NYK @ CHA,16,4,6
Karl-Anthony Towns,2024-25,2025-03-20,NYK @ CHA,24,10,3
Devin Vassell,2024-25,2025-03-19,SAS vs. NYK,10,4,3
Karl-Anthony Towns,2024-25,2025-03-19,NYK @ SAS,32,9,2
Julius Randle,2024-25,2025-03-19,MIN vs. NOP,17,3,3
Keldon Johnson,2024-25,2025-03-19,SAS vs. NYK,6,10,1
Josh Hart,2024-25,2025-03-19,NYK @ SAS,2,7,7
OG Anunoby,2024-25,2025-03-19,NYK @ SAS,14,5,1
Mikal Bridges,2024-25,2025-03-19,NYK @ SAS,14,5,7
Karl-Anthony Towns,2024-25,2025-03-17,NYK vs. MIA,23,7,3
Julius Randle,2024-25,2025-03-17,MIN vs. IND,17,6,4
OG Anunoby,2024-25,2025-03-17,NYK vs. MIA,9,1,2
Mikal Bridges,2024-25,2025-03-17,NYK vs. MIA,28,1,3
Devin Vassell,2024-25,2025-03-17,SAS @ LAL,17,8,2
Keldon Johnson,2024-25,2025-03-17,SAS @ LAL,11,4,2
Josh Hart,2024-25,2025-03-17,NYK vs. MIA,12,13,11
Julius Randle,2024-25,2025-03-16,MIN vs. UTA,11,3,4
Karl-Anthony Towns,2024-25,2025-03-15,NYK @ GSW,29,12,3
Devin Vassell,2024-25,2025-03-15,SAS vs. NOP,22,5,1
Keldon Johnson,2024-25,2025-03-15,SAS vs. NOP,19,5,2
Mikal Bridges,2024-25,2025-03-15,NYK @ GSW,19,6,3
Josh Hart,2024-25,2025-03-15,NYK @ GSW,0,7,7
OG Anunoby,2024-25,2025-03-15,NYK @ GSW,23,9,2
Julius Randle,2024-25,2025-03-14,MIN vs. ORL,22,7,5
Keldon Johnson,2024-25,2025-03-14,SAS vs. CHA,12,5,3
Devin Vassell,2024-25,2025-03-14,SAS vs. CHA,22,3,3
Keldon Johnson,2024-25,2025-03-12,SAS vs. DAL,18,5,2
Mikal Bridges,2024-25,2025-03-12,NYK @ POR,33,4,4
De'Aaron Fox,2024-25,2025-03-12,SAS vs. DAL,32,9,11
OG Anunoby,2024-25,2025-03-12,NYK @ POR,23,7,3
Karl-Anthony Towns,2024-25,2025-03-12,NYK @ POR,21,7,4
Devin Vassell,2024-25,2025-03-12,SAS vs. DAL,16,10,6
Julius Randle,2024-25,2025-03-12,MIN @ DEN,25,4,3
Josh Hart,2024-25,2025-03-12,NYK @ POR,11,11,9
De'Aaron Fox,2024-25,2025-03-10,SAS vs. DAL,14,4,8
Josh Hart,2024-25,2025-03-10,NYK @ SAC,18,6,3
Devin Vassell,2024-25,2025-03-10,SAS vs. DAL,24,4,3
Keldon Johnson,2024-25,2025-03-10,SAS vs. DAL,28,5,0
Karl-Anthony Towns,2024-25,2025-03-10,NYK @ SAC,26,9,3
Stephon Castle,2024-25,2025-03-10,OKC vs. DEN,12,2,6
OG Anunoby,2024-25,2025-03-10,NYK @ SAC,24,7,8
Mikal Bridges,2024-25,2025-03-10,NYK @ SAC,15,3,8
Stephon Castle,2024-25,2025-03-09,OKC vs. DEN,26,9,8
Devin Vassell,2024-25,2025-03-09,SAS @ MIN,13,4,2
Julius Randle,2024-25,2025-03-09,MIN vs. SAS,14,7,10
De'Aaron Fox,2024-25,2025-03-09,SAS @ MIN,22,2,3
Keldon Johnson,2024-25,2025-03-09,SAS @ MIN,13,4,2
De'Aaron Fox,2024-25,2025-03-07,SAS @ SAC,16,4,8
Karl-Anthony Towns,2024-25,2025-03-07,NYK @ LAC,23,10,2
Keldon Johnson,2024-25,2025-03-07,SAS @ SAC,11,4,1
Mikal Bridges,2024-25,2025-03-07,NYK @ LAC,22,4,5
OG Anunoby,2024-25,2025-03-07,NYK @ LAC,11,8,1
Devin Vassell,2024-25,2025-03-07,SAS @ SAC,10,2,3
Julius Randle,2024-25,2025-03-07,MIN @ MIA,13,10,9
Josh Hart,2024-25,2025-03-07,NYK @ LAC,14,20,6
Josh Hart,2024-25,2025-03-06,NYK @ LAL,18,10,2
Mikal Bridges,2024-25,2025-03-06,NYK @ LAL,6,3,3
Karl-Anthony Towns,2024-25,2025-03-06,NYK @ LAL,12,14,1
OG Anunoby,2024-25,2025-03-06,NYK @ LAL,20,4,1
Jalen Brunson,2024-25,2025-03-06,NYK @ LAL,39,4,10
Stephon Castle,2024-25,2025-03-05,OKC @ MEM,20,5,9
Julius Randle,2024-25,2025-03-05,MIN @ CHA,25,10,9
Devin Vassell,2024-25,2025-03-04,SAS vs. BKN,37,11,5
Josh Hart,2024-25,2025-03-04,NYK vs. GSW,2,8,3
De'Aaron Fox,2024-25,2025-03-04,SAS vs. BKN,15,3,7
Jalen Brunson,2024-25,2025-03-04,NYK vs. GSW,25,2,7
Mikal Bridges,2024-25,2025-03-04,NYK vs. GSW,15,4,4
Keldon Johnson,2024-25,2025-03-04,SAS vs. BKN,15,8,1
OG Anunoby,2024-25,2025-03-04,NYK vs. GSW,29,3,3
Julius Randle,2024-25,2025-03-04,MIN vs. PHI,16,8,5
Stephon Castle,2024-25,2025-03-03,OKC vs. HOU,24,4,3
Stephon Castle,2024-25,2025-03-02,OKC @ SAS,41,6,6
Devin Vassell,2024-25,2025-03-02,SAS vs. OKC,15,3,5
Josh Hart,2024-25,2025-03-02,NYK @ MIA,14,7,3
Karl-Anthony Towns,2024-25,2025-03-02,NYK @ MIA,19,16,0
OG Anunoby,2024-25,2025-03-02,NYK @ MIA,23,9,5
De'Aaron Fox,2024-25,2025-03-02,SAS vs. OKC,20,4,4
Keldon Johnson,2024-25,2025-03-02,SAS vs. OKC,7,6,5
Julius Randle,2024-25,2025-03-02,MIN @ PHX,20,6,3
Mikal Bridges,2024-25,2025-03-02,NYK @ MIA,5,4,8
Jalen Brunson,2024-25,2025-03-02,NYK @ MIA,31,5,6
Devin Vassell,2024-25,2025-03-01,SAS @ MEM,20,6,3
Keldon Johnson,2024-25,2025-03-01,SAS @ MEM,15,6,1
De'Aaron Fox,2024-25,2025-03-01,SAS @ MEM,20,3,7
Jalen Brunson,2024-25,2025-02-28,NYK @ MEM,23,7,6
Mikal Bridges,2024-25,2025-02-28,NYK @ MEM,15,2,3
Stephon Castle,2024-25,2025-02-28,OKC @ ATL,20,5,8
Karl-Anthony Towns,2024-25,2025-02-28,NYK @ MEM,11,7,2
Josh Hart,2024-25,2025-02-28,NYK @ MEM,12,4,6
OG Anunoby,2024-25,2025-02-28,NYK @ MEM,19,3,3
Mikal Bridges,2024-25,2025-02-26,NYK vs. PHI,28,2,3
Jalen Brunson,2024-25,2025-02-26,NYK vs. PHI,34,3,7
Devin Vassell,2024-25,2025-02-26,SAS @ HOU,9,5,3
Stephon Castle,2024-25,2025-02-26,OKC @ BKN,22,5,4
OG Anunoby,2024-25,2025-02-26,NYK vs. PHI,16,9,3
Josh Hart,2024-25,2025-02-26,NYK vs. PHI,7,17,4
Keldon Johnson,2024-25,2025-02-26,SAS @ HOU,22,5,2
De'Aaron Fox,2024-25,2025-02-26,SAS @ HOU,7,3,3
De'Aaron Fox,2024-25,2025-02-25,SAS @ NOP,15,3,9
Devin Vassell,2024-25,2025-02-25,SAS @ NOP,20,5,3
Keldon Johnson,2024-25,2025-02-25,SAS @ NOP,11,4,0
Stephon Castle,2024-25,2025-02-24,OKC vs. MIN,27,6,6
De'Aaron Fox,2024-25,2025-02-23,SAS @ NOP,13,7,5
Keldon Johnson,2024-25,2025-02-23,SAS @ NOP,18,2,3
Stephon Castle,2024-25,2025-02-23,OKC @ MIN,18,3,9
Josh Hart,2024-25,2025-02-23,NYK @ BOS,20,11,9
Devin Vassell,2024-25,2025-02-23,SAS @ NOP,5,3,1
Jalen Brunson,2024-25,2025-02-23,NYK @ BOS,22,3,4
Mikal Bridges,2024-25,2025-02-23,NYK @ BOS,14,0,1
Karl-Anthony Towns,2024-25,2025-02-23,NYK @ BOS,24,18,0
OG Anunoby,2024-25,2025-02-23,NYK @ BOS,10,2,2
Devin Vassell,2024-25,2025-02-21,SAS vs. DET,6,1,0
De'Aaron Fox,2024-25,2025-02-21,SAS vs. DET,27,5,5
Mikal Bridges,2024-25,2025-02-21,NYK @ CLE,14,1,5
Karl-Anthony Towns,2024-25,2025-02-21,NYK @ CLE,23,7,4
Jalen Brunson,2024-25,2025-02-21,NYK @ CLE,26,4,4
Stephon Castle,2024-25,2025-02-21,OKC @ UTA,18,9,4
OG Anunoby,2024-25,2025-02-21,NYK @ CLE,5,0,0
Keldon Johnson,2024-25,2025-02-21,SAS vs. DET,28,4,5
Karl-Anthony Towns,2024-25,2025-02-20,NYK vs. CHI,32,18,2
Jalen Brunson,2024-25,2025-02-20,NYK vs. CHI,22,3,12
De'Aaron Fox,2024-25,2025-02-20,SAS vs. PHX,26,9,7
Devin Vassell,2024-25,2025-02-20,SAS vs. PHX,13,2,0
Keldon Johnson,2024-25,2025-02-20,SAS vs. PHX,15,4,2
Mikal Bridges,2024-25,2025-02-20,NYK vs. CHI,13,10,5
Stephon Castle,2024-25,2025-02-13,OKC @ MIN,20,3,5
Mikal Bridges,2024-25,2025-02-12,NYK vs. ATL,11,3,4
Stephon Castle,2024-25,2025-02-12,OKC vs. MIA,18,6,3
Keldon Johnson,2024-25,2025-02-12,SAS @ BOS,5,1,3
De'Aaron Fox,2024-25,2025-02-12,SAS @ BOS,23,3,5
Josh Hart,2024-25,2025-02-12,NYK vs. ATL,18,10,6
Jalen Brunson,2024-25,2025-02-12,NYK vs. ATL,36,3,8
Victor Wembanyama,2024-25,2025-02-12,SAS @ BOS,17,13,4
Karl-Anthony Towns,2024-25,2025-02-12,NYK vs. ATL,44,10,3
Devin Vassell,2024-25,2025-02-12,SAS @ BOS,8,2,3
Mikal Bridges,2024-25,2025-02-11,NYK @ IND,6,5,5
Josh Hart,2024-25,2025-02-11,NYK @ IND,30,10,5
Karl-Anthony Towns,2024-25,2025-02-11,NYK @ IND,40,12,5
Jalen Brunson,2024-25,2025-02-11,NYK @ IND,8,2,7
Victor Wembanyama,2024-25,2025-02-10,SAS @ WAS,31,15,4
Devin Vassell,2024-25,2025-02-10,SAS @ WAS,7,3,1
Stephon Castle,2024-25,2025-02-10,OKC vs. NOP,16,5,5
Keldon Johnson,2024-25,2025-02-10,SAS @ WAS,4,4,1
De'Aaron Fox,2024-25,2025-02-10,SAS @ WAS,30,4,6
Stephon Castle,2024-25,2025-02-08,OKC @ MEM,25,6,6
De'Aaron Fox,2024-25,2025-02-08,SAS @ ORL,9,3,9
Keldon Johnson,2024-25,2025-02-08,SAS @ ORL,10,4,0
Jalen Brunson,2024-25,2025-02-08,NYK vs. BOS,36,0,5
Devin Vassell,2024-25,2025-02-08,SAS @ ORL,25,2,3
Mikal Bridges,2024-25,2025-02-08,NYK vs. BOS,11,3,2
Victor Wembanyama,2024-25,2025-02-08,SAS @ ORL,18,9,4
Josh Hart,2024-25,2025-02-08,NYK vs. BOS,17,8,3
Karl-Anthony Towns,2024-25,2025-02-08,NYK vs. BOS,9,9,1
Devin Vassell,2024-25,2025-02-07,SAS @ CHA,15,4,1
Stephon Castle,2024-25,2025-02-07,OKC vs. TOR,27,5,4
Keldon Johnson,2024-25,2025-02-07,SAS @ CHA,2,0,0
Victor Wembanyama,2024-25,2025-02-07,SAS @ CHA,16,11,3
De'Aaron Fox,2024-25,2025-02-07,SAS @ CHA,22,2,6
Stephon Castle,2024-25,2025-02-05,OKC vs. PHX,13,3,4
De'Aaron Fox,2024-25,2025-02-05,SAS @ ATL,24,5,13
Victor Wembanyama,2024-25,2025-02-05,SAS @ ATL,24,12,2
Keldon Johnson,2024-25,2025-02-05,SAS @ ATL,3,2,0
Devin Vassell,2024-25,2025-02-05,SAS @ ATL,20,3,4
Karl-Anthony Towns,2024-25,2025-02-04,NYK @ TOR,27,20,2
Mikal Bridges,2024-25,2025-02-04,NYK @ TOR,17,2,2
Jalen Brunson,2024-25,2025-02-04,NYK @ TOR,28,1,5
Josh Hart,2024-25,2025-02-04,NYK @ TOR,15,7,6
Josh Hart,2024-25,2025-02-03,NYK vs. HOU,19,8,5
Jalen Brunson,2024-25,2025-02-03,NYK vs. HOU,42,6,10
Keldon Johnson,2024-25,2025-02-03,SAS @ MEM,7,2,3
Devin Vassell,2024-25,2025-02-03,SAS @ MEM,11,3,3
Victor Wembanyama,2024-25,2025-02-03,SAS @ MEM,27,10,5
Karl-Anthony Towns,2024-25,2025-02-03,NYK vs. HOU,22,9,2
Mikal Bridges,2024-25,2025-02-03,NYK vs. HOU,22,3,4
Jalen Brunson,2024-25,2025-02-01,NYK vs. LAL,17,2,7
OG Anunoby,2024-25,2025-02-01,NYK vs. LAL,13,1,1
Devin Vassell,2024-25,2025-02-01,SAS vs. MIA,18,3,1
Karl-Anthony Towns,2024-25,2025-02-01,NYK vs. LAL,11,6,3
Josh Hart,2024-25,2025-02-01,NYK vs. LAL,26,13,11
Keldon Johnson,2024-25,2025-02-01,SAS vs. MIA,19,5,1
Mikal Bridges,2024-25,2025-02-01,NYK vs. LAL,16,2,3
De'Aaron Fox,2024-25,2025-02-01,SAC @ OKC,20,4,4
Devin Vassell,2024-25,2025-01-31,SAS vs. MIL,12,2,3
Victor Wembanyama,2024-25,2025-01-31,SAS vs. MIL,30,14,1
Keldon Johnson,2024-25,2025-01-31,SAS vs. MIL,24,4,2
Julius Randle,2024-25,2025-01-30,MIN @ UTA,6,1,1
Julius Randle,2024-25,2025-01-29,MIN @ PHX,28,7,6
Keldon Johnson,2024-25,2025-01-29,SAS vs. LAC,9,2,1
De'Aaron Fox,2024-25,2025-01-29,SAC @ PHI,19,8,5
OG Anunoby,2024-25,2025-01-29,NYK vs. DEN,23,4,1
Mikal Bridges,2024-25,2025-01-29,NYK vs. DEN,13,3,2
Stephon Castle,2024-25,2025-01-29,OKC @ GSW,26,7,2
Victor Wembanyama,2024-25,2025-01-29,SAS vs. LAC,23,12,4
Josh Hart,2024-25,2025-01-29,NYK vs. DEN,15,5,5
Karl-Anthony Towns,2024-25,2025-01-29,NYK vs. DEN,14,10,5
Jalen Brunson,2024-25,2025-01-29,NYK vs. DEN,30,4,15
Devin Vassell,2024-25,2025-01-29,SAS vs. LAC,19,3,3
OG Anunoby,2024-25,2025-01-27,NYK vs. MEM,15,5,4
Karl-Anthony Towns,2024-25,2025-01-27,NYK vs. MEM,24,11,1
Jalen Brunson,2024-25,2025-01-27,NYK vs. MEM,20,1,6
Julius Randle,2024-25,2025-01-27,MIN vs. ATL,20,8,2
De'Aaron Fox,2024-25,2025-01-27,SAC @ BKN,30,1,7
Josh Hart,2024-25,2025-01-27,NYK vs. MEM,4,10,5
Mikal Bridges,2024-25,2025-01-27,NYK vs. MEM,28,5,6
Stephon Castle,2024-25,2025-01-26,OKC @ POR,24,4,8
De'Aaron Fox,2024-25,2025-01-25,SAC @ NYK,14,1,4
Karl-Anthony Towns,2024-25,2025-01-25,NYK vs. SAC,18,15,2
Mikal Bridges,2024-25,2025-01-25,NYK vs. SAC,27,5,7
Devin Vassell,2024-25,2025-01-25,SAS vs. IND,6,4,2
Keldon Johnson,2024-25,2025-01-25,SAS vs. IND,4,4,0
OG Anunoby,2024-25,2025-01-25,NYK vs. SAC,33,3,4
Jalen Brunson,2024-25,2025-01-25,NYK vs. SAC,25,1,11
Julius Randle,2024-25,2025-01-25,MIN vs. DEN,21,7,7
Josh Hart,2024-25,2025-01-25,NYK vs. SAC,20,18,11
Victor Wembanyama,2024-25,2025-01-25,SAS vs. IND,20,12,2
Keldon Johnson,2024-25,2025-01-23,SAS @ IND,9,3,1
Victor Wembanyama,2024-25,2025-01-23,SAS @ IND,30,11,6
Devin Vassell,2024-25,2025-01-23,SAS @ IND,25,3,4
De'Aaron Fox,2024-25,2025-01-23,SAC @ DEN,17,5,6
Stephon Castle,2024-25,2025-01-23,OKC vs. DAL,33,4,7
Stephon Castle,2024-25,2025-01-22,OKC vs. UTA,25,3,2
De'Aaron Fox,2024-25,2025-01-22,SAC vs. GSW,14,5,5
Julius Randle,2024-25,2025-01-22,MIN @ DAL,16,6,3
Jalen Brunson,2024-25,2025-01-21,NYK @ BKN,17,3,4
Karl-Anthony Towns,2024-25,2025-01-21,NYK @ BKN,25,16,6
OG Anunoby,2024-25,2025-01-21,NYK @ BKN,20,4,3
Josh Hart,2024-25,2025-01-21,NYK @ BKN,7,12,9
Mikal Bridges,2024-25,2025-01-21,NYK @ BKN,10,1,2
Karl-Anthony Towns,2024-25,2025-01-20,NYK vs. ATL,13,9,7
OG Anunoby,2024-25,2025-01-20,NYK vs. ATL,8,9,2
Julius Randle,2024-25,2025-01-20,MIN @ MEM,5,11,7
Mikal Bridges,2024-25,2025-01-20,NYK vs. ATL,26,1,4
Josh Hart,2024-25,2025-01-20,NYK vs. ATL,14,9,5
Jalen Brunson,2024-25,2025-01-20,NYK vs. ATL,34,1,6
De'Aaron Fox,2024-25,2025-01-19,SAC vs. WAS,12,5,13
Keldon Johnson,2024-25,2025-01-19,SAS @ MIA,8,3,0
Victor Wembanyama,2024-25,2025-01-19,SAS @ MIA,21,10,3
Devin Vassell,2024-25,2025-01-19,SAS @ MIA,23,3,2
Julius Randle,2024-25,2025-01-18,MIN vs. CLE,20,14,9
Keldon Johnson,2024-25,2025-01-17,SAS vs. MEM,8,2,0
Mikal Bridges,2024-25,2025-01-17,NYK vs. MIN,15,4,5
Jalen Brunson,2024-25,2025-01-17,NYK vs. MIN,26,1,5
Julius Randle,2024-25,2025-01-17,MIN @ NYK,8,7,6
OG Anunoby,2024-25,2025-01-17,NYK vs. MIN,18,10,3
Josh Hart,2024-25,2025-01-17,NYK vs. MIN,12,9,0
Victor Wembanyama,2024-25,2025-01-17,SAS vs. MEM,19,12,3
Stephon Castle,2024-25,2025-01-17,OKC @ DAL,19,5,6
Devin Vassell,2024-25,2025-01-17,SAS vs. MEM,21,2,5
De'Aaron Fox,2024-25,2025-01-16,SAC vs. HOU,19,3,7
Stephon Castle,2024-25,2025-01-16,OKC vs. CLE,19,6,5
Devin Vassell,2024-25,2025-01-15,SAS vs. MEM,21,5,3
Josh Hart,2024-25,2025-01-15,NYK @ PHI,10,17,12
Keldon Johnson,2024-25,2025-01-15,SAS vs. MEM,17,4,1
OG Anunoby,2024-25,2025-01-15,NYK @ PHI,17,4,4
Victor Wembanyama,2024-25,2025-01-15,SAS vs. MEM,13,12,2
Jalen Brunson,2024-25,2025-01-15,NYK @ PHI,38,5,4
Julius Randle,2024-25,2025-01-15,MIN vs. GSW,17,6,1
Mikal Bridges,2024-25,2025-01-15,NYK @ PHI,23,2,2
De'Aaron Fox,2024-25,2025-01-14,SAC @ MIL,20,11,6
Stephon Castle,2024-25,2025-01-14,OKC @ PHI,24,4,6
Mikal Bridges,2024-25,2025-01-13,NYK vs. DET,27,2,1
Karl-Anthony Towns,2024-25,2025-01-13,NYK vs. DET,26,12,3
Victor Wembanyama,2024-25,2025-01-13,SAS @ LAL,23,8,5
Julius Randle,2024-25,2025-01-13,MIN @ WAS,20,10,3
OG Anunoby,2024-25,2025-01-13,NYK vs. DET,10,3,1
Josh Hart,2024-25,2025-01-13,NYK vs. DET,12,14,5
Keldon Johnson,2024-25,2025-01-13,SAS @ LAL,10,2,3
Devin Vassell,2024-25,2025-01-13,SAS @ LAL,23,6,4
Jalen Brunson,2024-25,2025-01-13,NYK vs. DET,31,4,11
Stephon Castle,2024-25,2025-01-12,OKC @ WAS,17,6,2
Mikal Bridges,2024-25,2025-01-12,NYK vs. MIL,6,2,6
OG Anunoby,2024-25,2025-01-12,NYK vs. MIL,11,1,2
De'Aaron Fox,2024-25,2025-01-12,SAC @ CHI,26,9,3
Josh Hart,2024-25,2025-01-12,NYK vs. MIL,11,11,4
Jalen Brunson,2024-25,2025-01-12,NYK vs. MIL,44,5,6
Karl-Anthony Towns,2024-25,2025-01-12,NYK vs. MIL,30,18,4
Julius Randle,2024-25,2025-01-11,MIN vs. MEM,18,8,8
Jalen Brunson,2024-25,2025-01-10,NYK vs. OKC,27,1,5
Mikal Bridges,2024-25,2025-01-10,NYK vs. OKC,0,1,2
Karl-Anthony Towns,2024-25,2025-01-10,NYK vs. OKC,23,10,1
OG Anunoby,2024-25,2025-01-10,NYK vs. OKC,4,3,2
Stephon Castle,2024-25,2025-01-10,OKC @ NYK,19,4,5
Josh Hart,2024-25,2025-01-10,NYK vs. OKC,16,13,2
Julius Randle,2024-25,2025-01-09,MIN @ ORL,23,10,2
Josh Hart,2024-25,2025-01-08,NYK vs. TOR,21,11,7
Karl-Anthony Towns,2024-25,2025-01-08,NYK vs. TOR,27,13,2
Victor Wembanyama,2024-25,2025-01-08,SAS @ MIL,10,10,1
Mikal Bridges,2024-25,2025-01-08,NYK vs. TOR,10,3,3
Stephon Castle,2024-25,2025-01-08,OKC @ CLE,25,5,9
OG Anunoby,2024-25,2025-01-08,NYK vs. TOR,27,2,0
Keldon Johnson,2024-25,2025-01-08,SAS @ MIL,24,11,1
Jalen Brunson,2024-25,2025-01-08,NYK vs. TOR,13,6,7
Devin Vassell,2024-25,2025-01-08,SAS @ MIL,11,9,2
Julius Randle,2024-25,2025-01-07,MIN @ NOP,16,6,3
Julius Randle,2024-25,2025-01-06,MIN vs. LAC,5,6,2
Victor Wembanyama,2024-25,2025-01-06,SAS @ CHI,23,14,4
Devin Vassell,2024-25,2025-01-06,SAS @ CHI,11,4,5
Josh Hart,2024-25,2025-01-06,NYK vs. ORL,15,14,2
OG Anunoby,2024-25,2025-01-06,NYK vs. ORL,9,4,3
Jalen Brunson,2024-25,2025-01-06,NYK vs. ORL,24,1,4
Keldon Johnson,2024-25,2025-01-06,SAS @ CHI,11,3,1
Mikal Bridges,2024-25,2025-01-06,NYK vs. ORL,24,5,2
Stephon Castle,2024-25,2025-01-05,OKC vs. BOS,10,6,5
Josh Hart,2024-25,2025-01-04,NYK @ CHI,2,16,10
Mikal Bridges,2024-25,2025-01-04,NYK @ CHI,18,3,1
Victor Wembanyama,2024-25,2025-01-04,SAS vs. DEN,20,23,3
Karl-Anthony Towns,2024-25,2025-01-04,NYK @ CHI,44,16,5
Julius Randle,2024-25,2025-01-04,MIN @ DET,17,7,6
OG Anunoby,2024-25,2025-01-04,NYK @ CHI,12,5,0
Devin Vassell,2024-25,2025-01-04,SAS vs. DEN,19,8,3
Keldon Johnson,2024-25,2025-01-04,SAS vs. DEN,10,8,1
Jalen Brunson,2024-25,2025-01-04,NYK @ CHI,33,2,8
Mikal Bridges,2024-25,2025-01-03,NYK @ OKC,24,3,2
Jalen Brunson,2024-25,2025-01-03,NYK @ OKC,22,3,9
Victor Wembanyama,2024-25,2025-01-03,SAS @ DEN,35,18,4
Karl-Anthony Towns,2024-25,2025-01-03,NYK @ OKC,17,22,4
Devin Vassell,2024-25,2025-01-03,SAS @ DEN,18,6,6
Stephon Castle,2024-25,2025-01-03,OKC vs. NYK,20,4,5
OG Anunoby,2024-25,2025-01-03,NYK @ OKC,20,2,3
Keldon Johnson,2024-25,2025-01-03,SAS @ DEN,16,4,1
Josh Hart,2024-25,2025-01-03,NYK @ OKC,19,7,2
De'Aaron Fox,2024-25,2025-01-03,SAC vs. MEM,23,3,5
Stephon Castle,2024-25,2025-01-02,OKC vs. LAC,18,3,4
Julius Randle,2024-25,2025-01-02,MIN vs. BOS,27,8,7
OG Anunoby,2024-25,2025-01-01,NYK vs. UTA,22,3,2
Josh Hart,2024-25,2025-01-01,NYK vs. UTA,15,14,12
Karl-Anthony Towns,2024-25,2025-01-01,NYK vs. UTA,31,21,4
De'Aaron Fox,2024-25,2025-01-01,SAC vs. PHI,35,3,4
Mikal Bridges,2024-25,2025-01-01,NYK vs. UTA,27,1,0
Devin Vassell,2024-25,2024-12-31,SAS vs. LAC,8,3,3
Julius Randle,2024-25,2024-12-31,MIN @ OKC,11,6,6
Keldon Johnson,2024-25,2024-12-31,SAS vs. LAC,17,6,1
Victor Wembanyama,2024-25,2024-12-31,SAS vs. LAC,27,9,5
Stephon Castle,2024-25,2024-12-31,OKC vs. MIN,14,7,7
Jalen Brunson,2024-25,2024-12-30,NYK @ WAS,18,3,6
Karl-Anthony Towns,2024-25,2024-12-30,NYK @ WAS,32,13,1
De'Aaron Fox,2024-25,2024-12-30,SAC vs. DAL,33,6,6
Mikal Bridges,2024-25,2024-12-30,NYK @ WAS,13,6,6
OG Anunoby,2024-25,2024-12-30,NYK @ WAS,18,8,1
Josh Hart,2024-25,2024-12-30,NYK @ WAS,23,15,10
Julius Randle,2024-25,2024-12-29,MIN vs. SAS,16,4,4
Stephon Castle,2024-25,2024-12-29,OKC vs. MEM,14,10,8
Victor Wembanyama,2024-25,2024-12-29,SAS @ MIN,34,8,2
Keldon Johnson,2024-25,2024-12-29,SAS @ MIN,13,6,0
Devin Vassell,2024-25,2024-12-29,SAS @ MIN,22,7,4
De'Aaron Fox,2024-25,2024-12-28,SAC @ LAL,29,5,12
OG Anunoby,2024-25,2024-12-28,NYK @ WAS,9,4,0
Mikal Bridges,2024-25,2024-12-28,NYK @ WAS,21,3,3
Jalen Brunson,2024-25,2024-12-28,NYK @ WAS,55,3,9
Josh Hart,2024-25,2024-12-28,NYK @ WAS,13,11,7
Karl-Anthony Towns,2024-25,2024-12-28,NYK @ WAS,30,14,3
Stephon Castle,2024-25,2024-12-28,OKC @ CHA,20,3,6
Keldon Johnson,2024-25,2024-12-27,SAS @ BKN,15,6,1
OG Anunoby,2024-25,2024-12-27,NYK @ ORL,8,5,0
Mikal Bridges,2024-25,2024-12-27,NYK @ ORL,17,2,3
Josh Hart,2024-25,2024-12-27,NYK @ ORL,23,13,1
Devin Vassell,2024-25,2024-12-27,SAS @ BKN,10,6,5
Julius Randle,2024-25,2024-12-27,MIN @ HOU,27,8,8
Victor Wembanyama,2024-25,2024-12-27,SAS @ BKN,19,7,4
Jalen Brunson,2024-25,2024-12-27,NYK @ ORL,26,3,9
Karl-Anthony Towns,2024-25,2024-12-27,NYK @ ORL,16,8,0
De'Aaron Fox,2024-25,2024-12-26,SAC vs. DET,26,6,4
Stephon Castle,2024-25,2024-12-26,OKC @ IND,20,4,5
Karl-Anthony Towns,2024-25,2024-12-25,NYK vs. SAS,21,9,2
Josh Hart,2024-25,2024-12-25,NYK vs. SAS,12,12,6
Julius Randle,2024-25,2024-12-25,MIN @ DAL,23,10,8
Jalen Brunson,2024-25,2024-12-25,NYK vs. SAS,20,7,9
Mikal Bridges,2024-25,2024-12-25,NYK vs. SAS,41,1,4
Victor Wembanyama,2024-25,2024-12-25,SAS @ NYK,42,18,4
OG Anunoby,2024-25,2024-12-25,NYK vs. SAS,8,5,1
Keldon Johnson,2024-25,2024-12-25,SAS @ NYK,2,3,1
Devin Vassell,2024-25,2024-12-25,SAS @ NYK,11,3,5
Stephon Castle,2024-25,2024-12-23,OKC vs. WAS,17,7,4
Keldon Johnson,2024-25,2024-12-23,SAS @ PHI,4,1,2
Karl-Anthony Towns,2024-25,2024-12-23,NYK vs. TOR,31,10,7
Mikal Bridges,2024-25,2024-12-23,NYK vs. TOR,14,1,4
Josh Hart,2024-25,2024-12-23,NYK vs. TOR,11,3,4
Devin Vassell,2024-25,2024-12-23,SAS @ PHI,15,5,2
Victor Wembanyama,2024-25,2024-12-23,SAS @ PHI,26,9,4
Julius Randle,2024-25,2024-12-23,MIN @ ATL,19,13,7
OG Anunoby,2024-25,2024-12-23,NYK vs. TOR,31,7,4
Jalen Brunson,2024-25,2024-12-23,NYK vs. TOR,12,1,7
De'Aaron Fox,2024-25,2024-12-22,SAC vs. IND,23,5,7
Josh Hart,2024-25,2024-12-21,NYK @ NOP,14,8,5
De'Aaron Fox,2024-25,2024-12-21,SAC vs. LAL,31,5,7
Devin Vassell,2024-25,2024-12-21,SAS vs. POR,11,4,0
Jalen Brunson,2024-25,2024-12-21,NYK @ NOP,39,1,6
Victor Wembanyama,2024-25,2024-12-21,SAS vs. POR,30,7,3
Mikal Bridges,2024-25,2024-12-21,NYK @ NOP,18,0,2
Julius Randle,2024-25,2024-12-21,MIN vs. GSW,16,7,6
Keldon Johnson,2024-25,2024-12-21,SAS vs. POR,11,2,1
Karl-Anthony Towns,2024-25,2024-12-21,NYK @ NOP,11,10,4
OG Anunoby,2024-25,2024-12-21,NYK @ NOP,16,5,3
Stephon Castle,2024-25,2024-12-20,OKC @ MIA,33,6,4
Devin Vassell,2024-25,2024-12-19,SAS vs. ATL,23,4,2
Karl-Anthony Towns,2024-25,2024-12-19,NYK @ MIN,32,20,6
De'Aaron Fox,2024-25,2024-12-19,SAC vs. LAL,26,3,5
Jalen Brunson,2024-25,2024-12-19,NYK @ MIN,14,3,7
Stephon Castle,2024-25,2024-12-19,OKC @ ORL,11,1,7
Victor Wembanyama,2024-25,2024-12-19,SAS vs. ATL,42,6,5
OG Anunoby,2024-25,2024-12-19,NYK @ MIN,9,3,4
Julius Randle,2024-25,2024-12-19,MIN vs. NYK,24,5,3
Mikal Bridges,2024-25,2024-12-19,NYK @ MIN,29,6,6
Keldon Johnson,2024-25,2024-12-19,SAS vs. ATL,11,5,4
De'Aaron Fox,2024-25,2024-12-16,SAC vs. DEN,29,5,7
Karl-Anthony Towns,2024-25,2024-12-15,NYK @ ORL,22,22,5
Julius Randle,2024-25,2024-12-15,MIN @ SAS,11,4,3
OG Anunoby,2024-25,2024-12-15,NYK @ ORL,7,5,1
Victor Wembanyama,2024-25,2024-12-15,SAS vs. MIN,20,12,5
Josh Hart,2024-25,2024-12-15,NYK @ ORL,12,5,5
Devin Vassell,2024-25,2024-12-15,SAS vs. MIN,4,0,0
Mikal Bridges,2024-25,2024-12-15,NYK @ ORL,17,1,1
Jalen Brunson,2024-25,2024-12-15,NYK @ ORL,31,3,5
Stephon Castle,2024-25,2024-12-14,OKC vs. HOU,20,5,5
Devin Vassell,2024-25,2024-12-13,SAS @ POR,23,6,5
Victor Wembanyama,2024-25,2024-12-13,SAS @ POR,28,7,7
Julius Randle,2024-25,2024-12-13,MIN vs. LAL,21,5,3
De'Aaron Fox,2024-25,2024-12-12,SAC @ NOP,18,7,8
Jalen Brunson,2024-25,2024-12-11,NYK vs. ATL,14,4,8
OG Anunoby,2024-25,2024-12-11,NYK vs. ATL,13,6,1
Karl-Anthony Towns,2024-25,2024-12-11,NYK vs. ATL,19,19,5
Mikal Bridges,2024-25,2024-12-11,NYK vs. ATL,19,4,2
Josh Hart,2024-25,2024-12-11,NYK vs. ATL,21,8,6
Stephon Castle,2024-25,2024-12-10,OKC vs. DAL,18,7,4
Jalen Brunson,2024-25,2024-12-09,NYK @ TOR,20,4,11
Josh Hart,2024-25,2024-12-09,NYK @ TOR,10,4,3
OG Anunoby,2024-25,2024-12-09,NYK @ TOR,14,4,3
Karl-Anthony Towns,2024-25,2024-12-09,NYK @ TOR,24,15,6
Mikal Bridges,2024-25,2024-12-09,NYK @ TOR,23,3,3
Julius Randle,2024-25,2024-12-08,MIN @ GSW,14,11,4
Victor Wembanyama,2024-25,2024-12-08,SAS vs. NOP,25,10,1
De'Aaron Fox,2024-25,2024-12-08,SAC vs. UTA,21,4,9
Keldon Johnson,2024-25,2024-12-08,SAS vs. NOP,8,2,4
Devin Vassell,2024-25,2024-12-08,SAS vs. NOP,7,4,4
Jalen Brunson,2024-25,2024-12-07,NYK vs. DET,31,4,10
OG Anunoby,2024-25,2024-12-07,NYK vs. DET,17,4,2
Mikal Bridges,2024-25,2024-12-07,NYK vs. DET,20,3,3
Josh Hart,2024-25,2024-12-07,NYK vs. DET,17,6,3
Stephon Castle,2024-25,2024-12-07,OKC @ NOP,27,6,5
Keldon Johnson,2024-25,2024-12-06,SAS vs. SAC,14,5,0
De'Aaron Fox,2024-25,2024-12-06,SAC @ SAS,22,4,8
Julius Randle,2024-25,2024-12-06,MIN @ GSW,16,9,4
Mikal Bridges,2024-25,2024-12-05,NYK vs. CHA,19,3,7
Keldon Johnson,2024-25,2024-12-05,SAS vs. CHI,28,5,0
Karl-Anthony Towns,2024-25,2024-12-05,NYK vs. CHA,27,16,2
OG Anunoby,2024-25,2024-12-05,NYK vs. CHA,25,6,2
De'Aaron Fox,2024-25,2024-12-05,SAC @ MEM,18,6,3
Stephon Castle,2024-25,2024-12-05,OKC @ TOR,20,7,2
Devin Vassell,2024-25,2024-12-05,SAS vs. CHI,17,3,2
Jalen Brunson,2024-25,2024-12-05,NYK vs. CHA,24,1,5
Josh Hart,2024-25,2024-12-05,NYK vs. CHA,18,10,6
Julius Randle,2024-25,2024-12-04,MIN @ LAC,20,4,4
Devin Vassell,2024-25,2024-12-03,SAS @ PHX,25,2,1
Keldon Johnson,2024-25,2024-12-03,SAS @ PHX,10,7,1
Stephon Castle,2024-25,2024-12-03,OKC vs. UTA,28,2,5
Josh Hart,2024-25,2024-12-03,NYK vs. ORL,11,13,10
Victor Wembanyama,2024-25,2024-12-03,SAS @ PHX,15,13,7
De'Aaron Fox,2024-25,2024-12-03,SAC vs. HOU,22,6,7
OG Anunoby,2024-25,2024-12-03,NYK vs. ORL,18,2,2
Mikal Bridges,2024-25,2024-12-03,NYK vs. ORL,19,2,5
Karl-Anthony Towns,2024-25,2024-12-03,NYK vs. ORL,23,15,0
Jalen Brunson,2024-25,2024-12-03,NYK vs. ORL,21,2,4
Julius Randle,2024-25,2024-12-02,MIN vs. LAL,18,5,3
Karl-Anthony Towns,2024-25,2024-12-01,NYK vs. NOP,14,19,2
De'Aaron Fox,2024-25,2024-12-01,SAC vs. SAS,23,6,9
Victor Wembanyama,2024-25,2024-12-01,SAS @ SAC,34,14,11
Devin Vassell,2024-25,2024-12-01,SAS @ SAC,21,0,3
OG Anunoby,2024-25,2024-12-01,NYK vs. NOP,7,4,2
Stephon Castle,2024-25,2024-12-01,OKC @ HOU,22,5,7
Jalen Brunson,2024-25,2024-12-01,NYK vs. NOP,16,2,9
Keldon Johnson,2024-25,2024-12-01,SAS @ SAC,17,4,1
Mikal Bridges,2024-25,2024-12-01,NYK vs. NOP,31,4,1
Josh Hart,2024-25,2024-12-01,NYK vs. NOP,12,6,3
Stephon Castle,2024-25,2024-11-29,OKC @ LAL,19,4,2
OG Anunoby,2024-25,2024-11-29,NYK @ CHA,8,4,0
Karl-Anthony Towns,2024-25,2024-11-29,NYK @ CHA,19,12,5
Jalen Brunson,2024-25,2024-11-29,NYK @ CHA,31,6,6
Mikal Bridges,2024-25,2024-11-29,NYK @ CHA,8,2,2
Julius Randle,2024-25,2024-11-29,MIN vs. LAC,11,10,4
Josh Hart,2024-25,2024-11-29,NYK @ CHA,13,12,5
De'Aaron Fox,2024-25,2024-11-29,SAC @ POR,22,5,5
De'Aaron Fox,2024-25,2024-11-27,SAC @ MIN,26,8,8
Jalen Brunson,2024-25,2024-11-27,NYK @ DAL,37,3,7
Mikal Bridges,2024-25,2024-11-27,NYK @ DAL,20,5,0
Devin Vassell,2024-25,2024-11-27,SAS vs. LAL,14,3,1
Josh Hart,2024-25,2024-11-27,NYK @ DAL,12,2,3
Victor Wembanyama,2024-25,2024-11-27,SAS vs. LAL,20,10,2
Karl-Anthony Towns,2024-25,2024-11-27,NYK @ DAL,25,14,4
Stephon Castle,2024-25,2024-11-27,OKC @ GSW,13,6,7
Keldon Johnson,2024-25,2024-11-27,SAS vs. LAL,4,4,2
OG Anunoby,2024-25,2024-11-27,NYK @ DAL,8,5,2
Julius Randle,2024-25,2024-11-27,MIN vs. SAC,21,9,4
Victor Wembanyama,2024-25,2024-11-26,SAS @ UTA,34,7,2
Keldon Johnson,2024-25,2024-11-26,SAS @ UTA,10,5,0
Julius Randle,2024-25,2024-11-26,MIN vs. HOU,21,6,3
Jalen Brunson,2024-25,2024-11-25,NYK @ DEN,23,3,17
OG Anunoby,2024-25,2024-11-25,NYK @ DEN,40,5,4
Josh Hart,2024-25,2024-11-25,NYK @ DEN,12,6,5
De'Aaron Fox,2024-25,2024-11-25,SAC vs. OKC,14,3,5
Karl-Anthony Towns,2024-25,2024-11-25,NYK @ DEN,30,15,4
Mikal Bridges,2024-25,2024-11-25,NYK @ DEN,14,2,6
Stephon Castle,2024-25,2024-11-25,OKC @ SAC,28,4,5
De'Aaron Fox,2024-25,2024-11-24,SAC vs. BKN,31,1,5
Julius Randle,2024-25,2024-11-24,MIN @ BOS,23,6,2
Jalen Brunson,2024-25,2024-11-23,NYK @ UTA,23,2,8
Mikal Bridges,2024-25,2024-11-23,NYK @ UTA,7,3,0
Victor Wembanyama,2024-25,2024-11-23,SAS vs. GSW,25,7,9
OG Anunoby,2024-25,2024-11-23,NYK @ UTA,27,3,0
Josh Hart,2024-25,2024-11-23,NYK @ UTA,17,6,6
Karl-Anthony Towns,2024-25,2024-11-23,NYK @ UTA,16,16,5
De'Aaron Fox,2024-25,2024-11-22,SAC @ LAC,29,7,7
Julius Randle,2024-25,2024-11-21,MIN @ TOR,23,9,3
Keldon Johnson,2024-25,2024-11-21,SAS vs. UTA,12,8,4
Karl-Anthony Towns,2024-25,2024-11-20,NYK @ PHX,34,10,2
OG Anunoby,2024-25,2024-11-20,NYK @ PHX,14,7,1
Stephon Castle,2024-25,2024-11-20,OKC vs. POR,30,7,8
Josh Hart,2024-25,2024-11-20,NYK @ PHX,19,11,6
Mikal Bridges,2024-25,2024-11-20,NYK @ PHX,16,3,5
Jalen Brunson,2024-25,2024-11-20,NYK @ PHX,36,2,10
Keldon Johnson,2024-25,2024-11-19,SAS vs. OKC,22,5,4
Stephon Castle,2024-25,2024-11-19,OKC @ SAS,27,10,5
Jalen Brunson,2024-25,2024-11-18,NYK vs. WAS,26,1,11
OG Anunoby,2024-25,2024-11-18,NYK vs. WAS,16,5,2
De'Aaron Fox,2024-25,2024-11-18,SAC vs. ATL,28,5,7
Karl-Anthony Towns,2024-25,2024-11-18,NYK vs. WAS,24,12,3
Josh Hart,2024-25,2024-11-18,NYK vs. WAS,14,6,3
Mikal Bridges,2024-25,2024-11-18,NYK vs. WAS,14,3,5
Jalen Brunson,2024-25,2024-11-17,NYK vs. BKN,12,5,10
Josh Hart,2024-25,2024-11-17,NYK vs. BKN,20,8,8
Stephon Castle,2024-25,2024-11-17,OKC vs. DAL,27,5,5
Mikal Bridges,2024-25,2024-11-17,NYK vs. BKN,21,6,1
OG Anunoby,2024-25,2024-11-17,NYK vs. BKN,24,8,0
Karl-Anthony Towns,2024-25,2024-11-17,NYK vs. BKN,26,15,6
Julius Randle,2024-25,2024-11-17,MIN vs. PHX,35,4,7
Keldon Johnson,2024-25,2024-11-16,SAS @ DAL,8,5,2
De'Aaron Fox,2024-25,2024-11-16,SAC vs. UTA,49,3,9
Keldon Johnson,2024-25,2024-11-15,SAS vs. LAL,12,4,1
Josh Hart,2024-25,2024-11-15,NYK vs. BKN,14,9,9
Devin Vassell,2024-25,2024-11-15,SAS vs. LAL,15,0,5
Jalen Brunson,2024-25,2024-11-15,NYK vs. BKN,37,3,7
Victor Wembanyama,2024-25,2024-11-15,SAS vs. LAL,28,14,5
OG Anunoby,2024-25,2024-11-15,NYK vs. BKN,25,8,1
Mikal Bridges,2024-25,2024-11-15,NYK vs. BKN,22,5,4
Julius Randle,2024-25,2024-11-15,MIN @ SAC,26,4,5
De'Aaron Fox,2024-25,2024-11-15,SAC vs. MIN,60,3,7
Stephon Castle,2024-25,2024-11-15,OKC vs. PHX,14,8,3
Karl-Anthony Towns,2024-25,2024-11-13,NYK vs. CHI,46,10,3
Mikal Bridges,2024-25,2024-11-13,NYK vs. CHI,20,6,5
Devin Vassell,2024-25,2024-11-13,SAS vs. WAS,17,2,3
De'Aaron Fox,2024-25,2024-11-13,SAC vs. PHX,29,6,10
Josh Hart,2024-25,2024-11-13,NYK vs. CHI,6,8,6
Stephon Castle,2024-25,2024-11-13,OKC vs. NOP,31,6,7
Julius Randle,2024-25,2024-11-13,MIN @ POR,20,10,2
Keldon Johnson,2024-25,2024-11-13,SAS vs. WAS,8,6,3
Victor Wembanyama,2024-25,2024-11-13,SAS vs. WAS,50,6,2
Jalen Brunson,2024-25,2024-11-13,NYK vs. CHI,24,3,8
OG Anunoby,2024-25,2024-11-13,NYK vs. CHI,14,9,2
Karl-Anthony Towns,2024-25,2024-11-12,NYK @ PHI,21,13,6
OG Anunoby,2024-25,2024-11-12,NYK @ PHI,24,6,2
Mikal Bridges,2024-25,2024-11-12,NYK @ PHI,14,4,3
Jalen Brunson,2024-25,2024-11-12,NYK @ PHI,18,3,5
Josh Hart,2024-25,2024-11-12,NYK @ PHI,14,12,10
Julius Randle,2024-25,2024-11-12,MIN @ POR,11,6,2
Stephon Castle,2024-25,2024-11-11,OKC vs. LAC,28,8,6
Keldon Johnson,2024-25,2024-11-11,SAS vs. SAC,11,3,1
De'Aaron Fox,2024-25,2024-11-11,SAC @ SAS,24,6,3
Devin Vassell,2024-25,2024-11-11,SAS vs. SAC,12,2,4
Victor Wembanyama,2024-25,2024-11-11,SAS vs. SAC,34,14,6
Karl-Anthony Towns,2024-25,2024-11-10,NYK @ IND,30,9,0
Stephon Castle,2024-25,2024-11-10,OKC vs. GSW,20,3,4
De'Aaron Fox,2024-25,2024-11-10,SAC @ PHX,21,11,8
Jalen Brunson,2024-25,2024-11-10,NYK @ IND,33,6,10
Josh Hart,2024-25,2024-11-10,NYK @ IND,16,10,6
Julius Randle,2024-25,2024-11-10,MIN vs. MIA,17,6,6
Mikal Bridges,2024-25,2024-11-10,NYK @ IND,8,7,4
OG Anunoby,2024-25,2024-11-10,NYK @ IND,25,4,2
Keldon Johnson,2024-25,2024-11-09,SAS vs. UTA,14,4,5
Victor Wembanyama,2024-25,2024-11-09,SAS vs. UTA,24,16,0
Devin Vassell,2024-25,2024-11-09,SAS vs. UTA,21,1,2
Mikal Bridges,2024-25,2024-11-08,NYK vs. MIL,17,3,3
Josh Hart,2024-25,2024-11-08,NYK vs. MIL,11,9,7
Julius Randle,2024-25,2024-11-08,MIN vs. POR,22,6,4
De'Aaron Fox,2024-25,2024-11-08,SAC vs. LAC,31,3,0
Stephon Castle,2024-25,2024-11-08,OKC vs. HOU,14,5,3
Karl-Anthony Towns,2024-25,2024-11-08,NYK vs. MIL,32,11,5
OG Anunoby,2024-25,2024-11-08,NYK vs. MIL,14,6,5
Jalen Brunson,2024-25,2024-11-08,NYK vs. MIL,15,2,9
Victor Wembanyama,2024-25,2024-11-07,SAS vs. POR,12,8,2
Julius Randle,2024-25,2024-11-07,MIN @ CHI,22,10,3
Keldon Johnson,2024-25,2024-11-07,SAS vs. POR,17,11,3
Karl-Anthony Towns,2024-25,2024-11-06,NYK @ ATL,34,16,1
De'Aaron Fox,2024-25,2024-11-06,SAC vs. TOR,21,1,2
Mikal Bridges,2024-25,2024-11-06,NYK @ ATL,10,2,5
Keldon Johnson,2024-25,2024-11-06,SAS @ HOU,10,4,1
Jalen Brunson,2024-25,2024-11-06,NYK @ ATL,21,3,4
OG Anunoby,2024-25,2024-11-06,NYK @ ATL,15,6,3
Josh Hart,2024-25,2024-11-06,NYK @ ATL,14,8,8
Stephon Castle,2024-25,2024-11-06,OKC @ DEN,29,10,9
Victor Wembanyama,2024-25,2024-11-06,SAS @ HOU,15,6,0
Karl-Anthony Towns,2024-25,2024-11-04,NYK @ HOU,17,19,0
Julius Randle,2024-25,2024-11-04,MIN vs. CHA,13,4,4
Josh Hart,2024-25,2024-11-04,NYK @ HOU,12,4,7
Keldon Johnson,2024-25,2024-11-04,SAS @ LAC,10,5,1
Victor Wembanyama,2024-25,2024-11-04,SAS @ LAC,24,13,3
Stephon Castle,2024-25,2024-11-04,OKC vs. ORL,23,4,1
OG Anunoby,2024-25,2024-11-04,NYK @ HOU,21,6,2
Jalen Brunson,2024-25,2024-11-04,NYK @ HOU,29,3,8
Mikal Bridges,2024-25,2024-11-04,NYK @ HOU,15,3,0
De'Aaron Fox,2024-25,2024-11-04,SAC @ MIA,28,6,5
De'Aaron Fox,2024-25,2024-11-02,SAC @ TOR,24,6,1
Stephon Castle,2024-25,2024-11-02,OKC @ LAC,15,7,4
Victor Wembanyama,2024-25,2024-11-02,SAS vs. MIN,17,6,3
Keldon Johnson,2024-25,2024-11-02,SAS vs. MIN,25,8,0
Julius Randle,2024-25,2024-11-02,MIN @ SAS,21,5,2
De'Aaron Fox,2024-25,2024-11-01,SAC @ ATL,31,7,3
OG Anunoby,2024-25,2024-11-01,NYK @ DET,21,4,6
Josh Hart,2024-25,2024-11-01,NYK @ DET,13,9,4
Mikal Bridges,2024-25,2024-11-01,NYK @ DET,15,7,3
Jalen Brunson,2024-25,2024-11-01,NYK @ DET,36,1,5
Julius Randle,2024-25,2024-11-01,MIN vs. DEN,23,6,7
Karl-Anthony Towns,2024-25,2024-11-01,NYK @ DET,21,11,7
Stephon Castle,2024-25,2024-11-01,OKC @ POR,22,5,4
Victor Wembanyama,2024-25,2024-10-31,SAS @ UTA,25,9,7
Keldon Johnson,2024-25,2024-10-31,SAS @ UTA,13,4,0
Keldon Johnson,2024-25,2024-10-30,SAS @ OKC,9,7,2
Karl-Anthony Towns,2024-25,2024-10-30,NYK @ MIA,44,13,2
Jalen Brunson,2024-25,2024-10-30,NYK @ MIA,22,2,9
OG Anunoby,2024-25,2024-10-30,NYK @ MIA,11,3,0
Victor Wembanyama,2024-25,2024-10-30,SAS @ OKC,6,8,2
Josh Hart,2024-25,2024-10-30,NYK @ MIA,10,14,6
Mikal Bridges,2024-25,2024-10-30,NYK @ MIA,17,3,6
Stephon Castle,2024-25,2024-10-30,OKC vs. SAS,12,7,8
De'Aaron Fox,2024-25,2024-10-29,SAC @ UTA,19,5,6
Julius Randle,2024-25,2024-10-29,MIN vs. DAL,20,7,7
De'Aaron Fox,2024-25,2024-10-28,SAC vs. POR,24,6,3
Keldon Johnson,2024-25,2024-10-28,SAS vs. HOU,6,5,0
Mikal Bridges,2024-25,2024-10-28,NYK vs. CLE,19,6,3
Victor Wembanyama,2024-25,2024-10-28,SAS vs. HOU,14,20,5
Karl-Anthony Towns,2024-25,2024-10-28,NYK vs. CLE,13,10,3
OG Anunoby,2024-25,2024-10-28,NYK vs. CLE,15,2,2
Jalen Brunson,2024-25,2024-10-28,NYK vs. CLE,21,3,7
Josh Hart,2024-25,2024-10-28,NYK vs. CLE,16,13,2
Stephon Castle,2024-25,2024-10-27,OKC vs. ATL,20,9,5
Stephon Castle,2024-25,2024-10-26,OKC @ CHI,24,9,8
Julius Randle,2024-25,2024-10-26,MIN vs. TOR,24,9,5
Victor Wembanyama,2024-25,2024-10-26,SAS vs. HOU,29,7,1
De'Aaron Fox,2024-25,2024-10-26,SAC @ LAL,28,5,10
Keldon Johnson,2024-25,2024-10-26,SAS vs. HOU,16,8,0
Karl-Anthony Towns,2024-25,2024-10-25,NYK vs. IND,21,15,0
Jalen Brunson,2024-25,2024-10-25,NYK vs. IND,26,5,5
Mikal Bridges,2024-25,2024-10-25,NYK vs. IND,21,1,5
Josh Hart,2024-25,2024-10-25,NYK vs. IND,20,10,3
OG Anunoby,2024-25,2024-10-25,NYK vs. IND,14,4,1
Stephon Castle,2024-25,2024-10-24,OKC @ DEN,12,3,3
Julius Randle,2024-25,2024-10-24,MIN @ SAC,33,5,4
Victor Wembanyama,2024-25,2024-10-24,SAS @ DAL,17,9,1
De'Aaron Fox,2024-25,2024-10-24,SAC vs. MIN,15,2,11
Keldon Johnson,2024-25,2024-10-24,SAS @ DAL,7,4,2
OG Anunoby,2024-25,2024-10-22,NYK @ BOS,4,5,3
Mikal Bridges,2024-25,2024-10-22,NYK @ BOS,16,0,2
Josh Hart,2024-25,2024-10-22,NYK @ BOS,12,4,3
Julius Randle,2024-25,2024-10-22,MIN @ LAL,16,9,4
Karl-Anthony Towns,2024-25,2024-10-22,NYK @ BOS,12,7,3
Jalen Brunson,2024-25,2024-10-22,NYK @ BOS,22,1,2
